YYYY-MM-DD,Mass balance (mm/yr),Mass balance uncertainty (mm/yr),Cumulative mass balance anomaly (mm),Cumulative mass balance anomaly uncertainty (mm),Surface mass balance anomaly (mm/yr),Surface mass balance anomaly uncertainty (mm/yr),Cumulative surface mass balance anomaly (mm),Cumulative surface mass balance anomaly uncertainty (mm),Dynamics mass balance anomaly (mm/yr),Dynamics mass balance anomaly uncertainty (mm/yr),Cumulative dynamics mass balance anomaly (mm),Cumulative dynamics mass balance anomaly uncertainty (mm)
    1979-01-01,0.156706944,-0.268989167,0.013058889,-0.077650556,-0.204114448,-0.117564498,-0.017009537,-0.084743036,0.360821392,-0.293558483,0.030068449,-0.033937948
    1979-02-01,0.156706944,-0.268989167,0.026117778,-0.109814444,-0.204114448,-0.117564498,-0.034019075,-0.119844751,0.360821392,-0.293558483,0.060136899,-0.047995506
    1979-03-01,0.156706944,-0.268989167,0.039176667,-0.134494444,-0.204114448,-0.117564498,-0.051028612,-0.146779244,0.360821392,-0.293558483,0.090205348,-0.05878225
    1979-04-01,0.156706944,-0.268989167,0.052235556,-0.155300833,-0.204114448,-0.117564498,-0.068038149,-0.169486072,0.360821392,-0.293558483,0.120273797,-0.067875896
    1979-05-01,0.156706944,-0.268989167,0.065294444,-0.173631667,-0.204114448,-0.117564498,-0.085047687,-0.189491189,0.360821392,-0.293558483,0.150342247,-0.075887559
    1979-06-01,0.156706944,-0.268989167,0.078353333,-0.190203889,-0.204114448,-0.117564498,-0.102057224,-0.207577198,0.360821392,-0.293558483,0.180410696,-0.083130655
    1979-07-01,0.156706944,-0.268989167,0.091412222,-0.205443889,-0.204114448,-0.117564498,-0.119066761,-0.224208999,0.360821392,-0.293558483,0.210479145,-0.08979137
    1979-08-01,0.156706944,-0.268989167,0.104471111,-0.219628611,-0.204114448,-0.117564498,-0.136076298,-0.239689502,0.360821392,-0.293558483,0.240547595,-0.095991012
    1979-09-01,0.156706944,-0.268989167,0.11753,-0.232951389,-0.204114448,-0.117564498,-0.153085836,-0.254229108,0.360821392,-0.293558483,0.270616044,-0.101813844
    1979-10-01,0.156706944,-0.268989167,0.130589167,-0.245552222,-0.204114448,-0.117564498,-0.170095373,-0.26798101,0.360821392,-0.293558483,0.300684493,-0.107321215
    1979-11-01,0.156706944,-0.268989167,0.143648056,-0.2575375,-0.204114448,-0.117564498,-0.18710491,-0.281060854,0.360821392,-0.293558483,0.330752943,-0.112559439
    1979-12-01,0.156706944,-0.268989167,0.156706944,-0.268989167,-0.204114448,-0.117564498,-0.204114448,-0.293558488,0.360821392,-0.293558483,0.360821392,-0.1175645
    1980-01-01,0.061886111,-0.130915833,0.161863889,-0.271630833,-0.204114448,-0.117564498,-0.221123985,-0.297920487,0.266000559,-0.175955581,0.382988105,-0.122365011
    1980-02-01,0.061886111,-0.130915833,0.167021111,-0.2742475,-0.204114448,-0.117564498,-0.238133522,-0.302219535,0.266000559,-0.175955581,0.405154819,-0.126984173
    1980-03-01,0.061886111,-0.130915833,0.172178333,-0.276839167,-0.204114448,-0.117564498,-0.25514306,-0.306458281,0.266000559,-0.175955581,0.427321532,-0.131441107
    1980-04-01,0.061886111,-0.130915833,0.177335556,-0.279406667,-0.204114448,-0.117564498,-0.272152597,-0.310639194,0.266000559,-0.175955581,0.449488245,-0.135751792
    1980-05-01,0.061886111,-0.130915833,0.182492778,-0.281951111,-0.204114448,-0.117564498,-0.289162134,-0.314764578,0.266000559,-0.175955581,0.471654958,-0.139929744
    1980-06-01,0.061886111,-0.130915833,0.18765,-0.2844725,-0.204114448,-0.117564498,-0.306171672,-0.318836588,0.266000559,-0.175955581,0.493821672,-0.143986519
    1980-07-01,0.061886111,-0.130915833,0.192807222,-0.286971944,-0.204114448,-0.117564498,-0.323181209,-0.322857245,0.266000559,-0.175955581,0.515988385,-0.147932085
    1980-08-01,0.061886111,-0.130915833,0.197964444,-0.289449722,-0.204114448,-0.117564498,-0.340190746,-0.326828443,0.266000559,-0.175955581,0.538155098,-0.151775117
    1980-09-01,0.061886111,-0.130915833,0.203121389,-0.291906389,-0.204114448,-0.117564498,-0.357200283,-0.330751964,0.266000559,-0.175955581,0.560321811,-0.155523215
    1980-10-01,0.061886111,-0.130915833,0.208278611,-0.2943425,-0.204114448,-0.117564498,-0.374209821,-0.334629485,0.266000559,-0.175955581,0.582488524,-0.159183086
    1980-11-01,0.061886111,-0.130915833,0.213435833,-0.296758889,-0.204114448,-0.117564498,-0.391219358,-0.338462588,0.266000559,-0.175955581,0.604655238,-0.16276068
    1980-12-01,0.061886111,-0.130915833,0.218593056,-0.299155556,-0.2044,-0.117568064,-0.408252691,-0.342252865,0.266286111,-0.175957964,0.626845747,-0.166261521
    1981-01-01,5.81E-05,-0.116132222,0.218597778,-0.301028056,-0.525737169,-0.121580696,-0.452064122,-0.345677215,0.525795225,-0.168132563,0.670662016,-0.169925617
    1981-02-01,5.81E-05,-0.116132222,0.218602778,-0.302889167,-0.525737169,-0.121580696,-0.495875553,-0.349067974,0.525795225,-0.168132563,0.714478284,-0.173512356
    1981-03-01,5.81E-05,-0.116132222,0.2186075,-0.304738889,-0.525737169,-0.121580696,-0.539686984,-0.352426111,0.525795225,-0.168132563,0.758294553,-0.177026438
    1981-04-01,5.81E-05,-0.116132222,0.2186125,-0.306577222,-0.525737169,-0.121580696,-0.583498414,-0.35575255,0.525795225,-0.168132563,0.802110822,-0.180472109
    1981-05-01,5.81E-05,-0.116132222,0.218617222,-0.308404722,-0.525737169,-0.121580696,-0.627309845,-0.359048173,0.525795225,-0.168132563,0.845927091,-0.183853214
    1981-06-01,5.81E-05,-0.116132222,0.218622222,-0.310221667,-0.525737169,-0.121580696,-0.671121276,-0.362313819,0.525795225,-0.168132563,0.889743359,-0.187173252
    1981-07-01,5.81E-05,-0.116132222,0.218626944,-0.312027778,-0.525737169,-0.121580696,-0.714932707,-0.365550293,0.525795225,-0.168132563,0.933559628,-0.190435418
    1981-08-01,5.81E-05,-0.116132222,0.218631667,-0.313823611,-0.525737169,-0.121580696,-0.758744137,-0.368758363,0.525795225,-0.168132563,0.977375897,-0.193642637
    1981-09-01,5.81E-05,-0.116132222,0.218636667,-0.315609167,-0.525737169,-0.121580696,-0.802555568,-0.371938763,0.525795225,-0.168132563,1.021192165,-0.196797594
    1981-10-01,5.81E-05,-0.116132222,0.218641389,-0.317384444,-0.525737169,-0.121580696,-0.846366999,-0.375092198,0.525795225,-0.168132563,1.065008434,-0.199902764
    1981-11-01,5.81E-05,-0.116132222,0.218646389,-0.319150278,-0.525737169,-0.121580696,-0.89017843,-0.378219341,0.525795225,-0.168132563,1.108824703,-0.202960433
    1981-12-01,5.81E-05,-0.116132222,0.218651111,-0.320906111,-0.525523472,-0.12157797,-0.933972052,-0.381320768,0.525581528,-0.168130592,1.152623164,-0.205972581
    1982-01-01,0.060137778,-0.114371389,0.2236625,-0.3226,-0.285046387,-0.118510575,-0.957725918,-0.38427333,0.345184164,-0.164698424,1.181388511,-0.208794398
    1982-02-01,0.060137778,-0.114371389,0.228674167,-0.324285278,-0.285046387,-0.118510575,-0.981479784,-0.387203379,0.345184164,-0.164698424,1.210153858,-0.211578584
    1982-03-01,0.060137778,-0.114371389,0.233685556,-0.325961667,-0.285046387,-0.118510575,-1.005233649,-0.390111421,0.345184164,-0.164698424,1.238919205,-0.214326605
    1982-04-01,0.060137778,-0.114371389,0.238696944,-0.327629444,-0.285046387,-0.118510575,-1.028987515,-0.392997946,0.345184164,-0.164698424,1.267684552,-0.217039835
    1982-05-01,0.060137778,-0.114371389,0.243708611,-0.329288611,-0.285046387,-0.118510575,-1.05274138,-0.395863423,0.345184164,-0.164698424,1.296449899,-0.219719563
    1982-06-01,0.060137778,-0.114371389,0.24872,-0.330939722,-0.285046387,-0.118510575,-1.076495246,-0.398708307,0.345184164,-0.164698424,1.325215246,-0.222367
    1982-07-01,0.060137778,-0.114371389,0.253731389,-0.332582778,-0.285046387,-0.118510575,-1.100249111,-0.401533035,0.345184164,-0.164698424,1.353980593,-0.224983286
    1982-08-01,0.060137778,-0.114371389,0.258742778,-0.3342175,-0.285046387,-0.118510575,-1.124002977,-0.40433803,0.345184164,-0.164698424,1.38274594,-0.227569496
    1982-09-01,0.060137778,-0.114371389,0.263754444,-0.335844167,-0.285046387,-0.118510575,-1.147756842,-0.4071237,0.345184164,-0.164698424,1.411511287,-0.230126643
    1982-10-01,0.060137778,-0.114371389,0.268765833,-0.337463333,-0.285046387,-0.118510575,-1.171510708,-0.409890438,0.345184164,-0.164698424,1.440276634,-0.232655686
    1982-11-01,0.060137778,-0.114371389,0.273777222,-0.339074444,-0.285046387,-0.118510575,-1.195264574,-0.412638626,0.345184164,-0.164698424,1.469041981,-0.235157532
    1982-12-01,0.060137778,-0.114371389,0.278788889,-0.340678056,-0.284671136,-0.118503018,-1.218987168,-0.415368452,0.344808914,-0.164692987,1.497776057,-0.237632725
    1983-01-01,0.044868056,-0.113037222,0.282527778,-0.342237222,0.137605794,-0.109999042,-1.207520019,-0.417856496,-0.092737739,-0.157725086,1.490047912,-0.239744922
    1983-02-01,0.044868056,-0.113037222,0.286266667,-0.343789444,0.137605794,-0.109999042,-1.196052869,-0.420329813,-0.092737739,-0.157725086,1.482319767,-0.241838672
    1983-03-01,0.044868056,-0.113037222,0.290005833,-0.345334444,0.137605794,-0.109999042,-1.18458572,-0.422788661,-0.092737739,-0.157725086,1.474591622,-0.243914451
    1983-04-01,0.044868056,-0.113037222,0.293744722,-0.346872778,0.137605794,-0.109999042,-1.17311857,-0.425233291,-0.092737739,-0.157725086,1.466863478,-0.245972712
    1983-05-01,0.044868056,-0.113037222,0.297483889,-0.348404167,0.137605794,-0.109999042,-1.161651421,-0.427663948,-0.092737739,-0.157725086,1.459135333,-0.248013892
    1983-06-01,0.044868056,-0.113037222,0.301222778,-0.349928889,0.137605794,-0.109999042,-1.150184271,-0.430080868,-0.092737739,-0.157725086,1.451407188,-0.25003841
    1983-07-01,0.044868056,-0.113037222,0.304961667,-0.351446944,0.137605794,-0.109999042,-1.138717122,-0.432484281,-0.092737739,-0.157725086,1.443679043,-0.252046667
    1983-08-01,0.044868056,-0.113037222,0.308700833,-0.352958611,0.137605794,-0.109999042,-1.127249972,-0.434874411,-0.092737739,-0.157725086,1.435950898,-0.254039049
    1983-09-01,0.044868056,-0.113037222,0.312439722,-0.354463889,0.137605794,-0.109999042,-1.115782823,-0.437251476,-0.092737739,-0.157725086,1.428222753,-0.256015925
    1983-10-01,0.044868056,-0.113037222,0.316178889,-0.3559625,0.137605794,-0.109999042,-1.104315673,-0.439615689,-0.092737739,-0.157725086,1.420494608,-0.257977654
    1983-11-01,0.044868056,-0.113037222,0.319917778,-0.357455,0.137605794,-0.109999042,-1.092848523,-0.441967255,-0.092737739,-0.157725086,1.412766463,-0.259924577
    1983-12-01,0.044868056,-0.113037222,0.323656667,-0.358941389,0.137200887,-0.110007742,-1.081415116,-0.444306554,-0.092332832,-0.157731154,1.405072061,-0.261857329
    1984-01-01,-0.040523056,-0.112573889,0.320279722,-0.360409444,-0.318448893,-0.119797781,-1.107952524,-0.44683369,0.277925838,-0.164390963,1.428232547,-0.264131066
    1984-02-01,-0.040523056,-0.112573889,0.316903056,-0.361871667,-0.318448893,-0.119797781,-1.134489932,-0.449346613,0.277925838,-0.164390963,1.451393034,-0.266385396
    1984-03-01,-0.040523056,-0.112573889,0.313526111,-0.363328056,-0.318448893,-0.119797781,-1.16102734,-0.451845562,0.277925838,-0.164390963,1.47455352,-0.268620807
    1984-04-01,-0.040523056,-0.112573889,0.310149167,-0.364778333,-0.318448893,-0.119797781,-1.187564747,-0.454330765,0.277925838,-0.164390963,1.497714007,-0.270837769
    1984-05-01,-0.040523056,-0.112573889,0.306772222,-0.366223056,-0.318448893,-0.119797781,-1.214102155,-0.456802448,0.277925838,-0.164390963,1.520874493,-0.273036731
    1984-06-01,-0.040523056,-0.112573889,0.303395278,-0.367662222,-0.318448893,-0.119797781,-1.240639563,-0.459260829,0.277925838,-0.164390963,1.544034979,-0.275218123
    1984-07-01,-0.040523056,-0.112573889,0.300018333,-0.369095556,-0.318448893,-0.119797781,-1.267176971,-0.46170612,0.277925838,-0.164390963,1.567195466,-0.277382361
    1984-08-01,-0.040523056,-0.112573889,0.296641389,-0.370523333,-0.318448893,-0.119797781,-1.293714378,-0.464138529,0.277925838,-0.164390963,1.590355952,-0.279529844
    1984-09-01,-0.040523056,-0.112573889,0.293264444,-0.371945833,-0.318448893,-0.119797781,-1.320251786,-0.466558256,0.277925838,-0.164390963,1.613516439,-0.281660953
    1984-10-01,-0.040523056,-0.112573889,0.2898875,-0.373362778,-0.318448893,-0.119797781,-1.346789194,-0.468965499,0.277925838,-0.164390963,1.636676925,-0.283776059
    1984-11-01,-0.040523056,-0.112573889,0.286510556,-0.374774444,-0.318448893,-0.119797781,-1.373326602,-0.471360447,0.277925838,-0.164390963,1.659837412,-0.285875516
    1984-12-01,-0.040523056,-0.112573889,0.283133611,-0.376180556,-0.318409468,-0.119795005,-1.399860724,-0.47374323,0.277886412,-0.16438894,1.682994613,-0.287959571
    1985-01-01,-0.018001111,-0.113445278,0.281633611,-0.377603333,-0.274043104,-0.11667153,-1.422697649,-0.476066685,0.256041993,-0.162733147,1.704331446,-0.289922521
    1985-02-01,-0.018001111,-0.113445278,0.280133611,-0.379020833,-0.274043104,-0.11667153,-1.445534575,-0.478378854,0.256041993,-0.162733147,1.725668278,-0.29187227
    1985-03-01,-0.018001111,-0.113445278,0.278633333,-0.380433056,-0.274043104,-0.11667153,-1.4683715,-0.480679902,0.256041993,-0.162733147,1.747005111,-0.293809081
    1985-04-01,-0.018001111,-0.113445278,0.277133333,-0.38184,-0.274043104,-0.11667153,-1.491208425,-0.482969986,0.256041993,-0.162733147,1.768341944,-0.295733207
    1985-05-01,-0.018001111,-0.113445278,0.275633333,-0.383241667,-0.274043104,-0.11667153,-1.514045351,-0.485249263,0.256041993,-0.162733147,1.789678777,-0.297644895
    1985-06-01,-0.018001111,-0.113445278,0.274133056,-0.384638611,-0.274043104,-0.11667153,-1.536882276,-0.487517884,0.256041993,-0.162733147,1.811015609,-0.299544383
    1985-07-01,-0.018001111,-0.113445278,0.272633056,-0.38603,-0.274043104,-0.11667153,-1.559719202,-0.489775997,0.256041993,-0.162733147,1.832352442,-0.301431902
    1985-08-01,-0.018001111,-0.113445278,0.271133056,-0.387416667,-0.274043104,-0.11667153,-1.582556127,-0.492023746,0.256041993,-0.162733147,1.853689275,-0.303307674
    1985-09-01,-0.018001111,-0.113445278,0.269632778,-0.388798333,-0.274043104,-0.11667153,-1.605393052,-0.494261274,0.256041993,-0.162733147,1.875026108,-0.305171918
    1985-10-01,-0.018001111,-0.113445278,0.268132778,-0.390175278,-0.274043104,-0.11667153,-1.628229978,-0.496488718,0.256041993,-0.162733147,1.896362941,-0.307024841
    1985-11-01,-0.018001111,-0.113445278,0.266632778,-0.391547222,-0.274043104,-0.11667153,-1.651066903,-0.498706213,0.256041993,-0.162733147,1.917699773,-0.308866649
    1985-12-01,-0.018001111,-0.113445278,0.2651325,-0.392914444,-0.27366977,-0.116666297,-1.673872717,-0.50091379,0.255668658,-0.162729395,1.939005495,-0.310697375
    1986-01-01,0.170967778,-0.113339722,0.27938,-0.394274167,0.146451145,-0.110777442,-1.661668455,-0.50299876,0.024516633,-0.158485123,1.941048548,-0.312338752
    1986-02-01,0.170967778,-0.113339722,0.293627222,-0.395629444,0.146451145,-0.110777442,-1.649464193,-0.505075124,0.024516633,-0.158485123,1.9430916,-0.313971548
    1986-03-01,0.170967778,-0.113339722,0.307874444,-0.39698,0.146451145,-0.110777442,-1.637259931,-0.507142986,0.024516633,-0.158485123,1.945134653,-0.315595896
    1986-04-01,0.170967778,-0.113339722,0.322121944,-0.398326111,0.146451145,-0.110777442,-1.625055669,-0.509202451,0.024516633,-0.158485123,1.947177706,-0.317211927
    1986-05-01,0.170967778,-0.113339722,0.336369167,-0.3996675,0.146451145,-0.110777442,-1.612851407,-0.51125362,0.024516633,-0.158485123,1.949220759,-0.318819766
    1986-06-01,0.170967778,-0.113339722,0.350616389,-0.401004444,0.146451145,-0.110777442,-1.600647145,-0.513296593,0.024516633,-0.158485123,1.951263811,-0.320419538
    1986-07-01,0.170967778,-0.113339722,0.364863889,-0.402336944,0.146451145,-0.110777442,-1.588442883,-0.515331466,0.024516633,-0.158485123,1.953306864,-0.322011362
    1986-08-01,0.170967778,-0.113339722,0.379111111,-0.403665278,0.146451145,-0.110777442,-1.576238621,-0.517358336,0.024516633,-0.158485123,1.955349917,-0.323595355
    1986-09-01,0.170967778,-0.113339722,0.393358333,-0.404988889,0.146451145,-0.110777442,-1.564034359,-0.519377296,0.024516633,-0.158485123,1.95739297,-0.325171633
    1986-10-01,0.170967778,-0.113339722,0.407605833,-0.406308611,0.146451145,-0.110777442,-1.551830096,-0.521388439,0.024516633,-0.158485123,1.959436022,-0.326740306
    1986-11-01,0.170967778,-0.113339722,0.421853056,-0.407623611,0.146451145,-0.110777442,-1.539625834,-0.523391853,0.024516633,-0.158485123,1.961479075,-0.328301484
    1986-12-01,0.170967778,-0.113339722,0.436100278,-0.408934722,0.146817229,-0.110770543,-1.527391065,-0.525387507,0.024150549,-0.158480301,1.963491621,-0.32985508
    1987-01-01,0.356115833,-0.114167222,0.465776667,-0.410260556,0.55877889,-0.103007391,-1.480826158,-0.52725935,-0.202663057,-0.153768258,1.946603033,-0.331192669
    1987-02-01,0.356115833,-0.114167222,0.495453056,-0.411582222,0.55877889,-0.103007391,-1.43426125,-0.529124571,-0.202663057,-0.153768258,1.929714445,-0.332524878
    1987-03-01,0.356115833,-0.114167222,0.525129167,-0.412899722,0.55877889,-0.103007391,-1.387696343,-0.530983241,-0.202663057,-0.153768258,1.912825857,-0.33385177
    1987-04-01,0.356115833,-0.114167222,0.554805556,-0.414212778,0.55877889,-0.103007391,-1.341131435,-0.532835426,-0.202663057,-0.153768258,1.895937269,-0.33517341
    1987-05-01,0.356115833,-0.114167222,0.584481944,-0.415521944,0.55877889,-0.103007391,-1.294566528,-0.534681196,-0.202663057,-0.153768258,1.879048681,-0.336489859
    1987-06-01,0.356115833,-0.114167222,0.614158333,-0.416826944,0.55877889,-0.103007391,-1.24800162,-0.536520616,-0.202663057,-0.153768258,1.862160093,-0.337801177
    1987-07-01,0.356115833,-0.114167222,0.643834444,-0.418127778,0.55877889,-0.103007391,-1.201436713,-0.538353751,-0.202663057,-0.153768258,1.845271505,-0.339107425
    1987-08-01,0.356115833,-0.114167222,0.673510833,-0.419424722,0.55877889,-0.103007391,-1.154871805,-0.540180665,-0.202663057,-0.153768258,1.828382916,-0.34040866
    1987-09-01,0.356115833,-0.114167222,0.703187222,-0.4207175,0.55877889,-0.103007391,-1.108306898,-0.542001421,-0.202663057,-0.153768258,1.811494328,-0.34170494
    1987-10-01,0.356115833,-0.114167222,0.732863611,-0.422006389,0.55877889,-0.103007391,-1.06174199,-0.543816082,-0.202663057,-0.153768258,1.79460574,-0.342996321
    1987-11-01,0.356115833,-0.114167222,0.762539722,-0.423291389,0.55877889,-0.103007391,-1.015177083,-0.545624707,-0.202663057,-0.153768258,1.777717152,-0.344282858
    1987-12-01,0.356115833,-0.114167222,0.792216111,-0.4245725,0.558435138,-0.103014322,-0.968640821,-0.547427465,-0.202319305,-0.153772902,1.76085721,-0.345564778
    1988-01-01,0.378165556,-0.1134325,0.82373,-0.425833333,0.17160475,-0.11081472,-0.954340426,-0.549338146,0.206560806,-0.158577534,1.778070611,-0.347042275
    1988-02-01,0.378165556,-0.1134325,0.855243889,-0.427090278,0.17160475,-0.11081472,-0.94004003,-0.551242205,0.206560806,-0.158577534,1.795284011,-0.348513509
    1988-03-01,0.378165556,-0.1134325,0.8867575,-0.428343889,0.17160475,-0.11081472,-0.925739634,-0.553139709,0.206560806,-0.158577534,1.812497412,-0.349978558
    1988-04-01,0.378165556,-0.1134325,0.918271389,-0.429593611,0.17160475,-0.11081472,-0.911439238,-0.555030727,0.206560806,-0.158577534,1.829710812,-0.3514375
    1988-05-01,0.378165556,-0.1134325,0.949785278,-0.430839722,0.17160475,-0.11081472,-0.897138842,-0.556915323,0.206560806,-0.158577534,1.846924213,-0.35289041
    1988-06-01,0.378165556,-0.1134325,0.981298889,-0.4320825,0.17160475,-0.11081472,-0.882838446,-0.558793564,0.206560806,-0.158577534,1.864137613,-0.354337363
    1988-07-01,0.378165556,-0.1134325,1.012812778,-0.433321389,0.17160475,-0.11081472,-0.868538051,-0.560665512,0.206560806,-0.158577534,1.881351014,-0.355778431
    1988-08-01,0.378165556,-0.1134325,1.044326667,-0.434556944,0.17160475,-0.11081472,-0.854237655,-0.562531231,0.206560806,-0.158577534,1.898564414,-0.357213686
    1988-09-01,0.378165556,-0.1134325,1.075840278,-0.435788889,0.17160475,-0.11081472,-0.839937259,-0.564390783,0.206560806,-0.158577534,1.915777814,-0.358643197
    1988-10-01,0.378165556,-0.1134325,1.107354167,-0.437017222,0.17160475,-0.11081472,-0.825636863,-0.566244228,0.206560806,-0.158577534,1.932991215,-0.360067032
    1988-11-01,0.378165556,-0.1134325,1.138868056,-0.4382425,0.17160475,-0.11081472,-0.811336467,-0.568091625,0.206560806,-0.158577534,1.950204615,-0.36148526
    1988-12-01,0.378165556,-0.1134325,1.170381667,-0.439464167,0.171544912,-0.11081309,-0.797041058,-0.569933009,0.206620643,-0.158576395,1.967423002,-0.362897903
    1989-01-01,0.314891111,-0.114334722,1.196622778,-0.440701667,0.104208713,-0.108978928,-0.788356998,-0.571754059,0.210682398,-0.157952004,1.984979869,-0.364258958
    1989-02-01,0.314891111,-0.114334722,1.222863611,-0.441935833,0.104208713,-0.108978928,-0.779672939,-0.573569328,0.210682398,-0.157952004,2.002536735,-0.365614947
    1989-03-01,0.314891111,-0.114334722,1.249104444,-0.443166667,0.104208713,-0.108978928,-0.77098888,-0.57537887,0.210682398,-0.157952004,2.020093602,-0.366965925
    1989-04-01,0.314891111,-0.114334722,1.275345556,-0.444394167,0.104208713,-0.108978928,-0.76230482,-0.577182738,0.210682398,-0.157952004,2.037650468,-0.368311947
    1989-05-01,0.314891111,-0.114334722,1.301586389,-0.445618056,0.104208713,-0.108978928,-0.753620761,-0.578980987,0.210682398,-0.157952004,2.055207335,-0.369653069
    1989-06-01,0.314891111,-0.114334722,1.327827222,-0.446838889,0.104208713,-0.108978928,-0.744936701,-0.580773667,0.210682398,-0.157952004,2.072764201,-0.370989342
    1989-07-01,0.314891111,-0.114334722,1.354068056,-0.448056111,0.104208713,-0.108978928,-0.736252642,-0.582560831,0.210682398,-0.157952004,2.090321068,-0.372320819
    1989-08-01,0.314891111,-0.114334722,1.380309167,-0.44927,0.104208713,-0.108978928,-0.727568582,-0.58434253,0.210682398,-0.157952004,2.107877934,-0.373647552
    1989-09-01,0.314891111,-0.114334722,1.40655,-0.450480833,0.104208713,-0.108978928,-0.718884523,-0.586118812,0.210682398,-0.157952004,2.125434801,-0.37496959
    1989-10-01,0.314891111,-0.114334722,1.432790833,-0.451688333,0.104208713,-0.108978928,-0.710200464,-0.587889727,0.210682398,-0.157952004,2.142991667,-0.376286984
    1989-11-01,0.314891111,-0.114334722,1.459031944,-0.4528925,0.104208713,-0.108978928,-0.701516404,-0.589655324,0.210682398,-0.157952004,2.160548534,-0.377599781
    1989-12-01,0.314891111,-0.114334722,1.485272778,-0.454093611,0.104383633,-0.108977375,-0.692817768,-0.591415626,0.210507478,-0.157950932,2.178090824,-0.378907993
    1990-01-01,0.214461111,-0.114061667,1.503144444,-0.455285833,0.301224433,-0.107229063,-0.667715732,-0.59313977,-0.086763322,-0.156550745,2.170860547,-0.380170278
    1990-02-01,0.214461111,-0.114061667,1.521016389,-0.456475,0.301224433,-0.107229063,-0.642613696,-0.594858918,-0.086763322,-0.156550745,2.16363027,-0.381428385
    1990-03-01,0.214461111,-0.114061667,1.538888056,-0.457661111,0.301224433,-0.107229063,-0.61751166,-0.596573111,-0.086763322,-0.156550745,2.156399993,-0.382682356
    1990-04-01,0.214461111,-0.114061667,1.556759722,-0.458843889,0.301224433,-0.107229063,-0.592409624,-0.598282393,-0.086763322,-0.156550745,2.149169716,-0.383932231
    1990-05-01,0.214461111,-0.114061667,1.574631667,-0.460023889,0.301224433,-0.107229063,-0.567307588,-0.599986805,-0.086763322,-0.156550745,2.14193944,-0.385178051
    1990-06-01,0.214461111,-0.114061667,1.592503333,-0.461200833,0.301224433,-0.107229063,-0.542205552,-0.601686389,-0.086763322,-0.156550745,2.134709163,-0.386419854
    1990-07-01,0.214461111,-0.114061667,1.610375,-0.462374722,0.301224433,-0.107229063,-0.517103516,-0.603381186,-0.086763322,-0.156550745,2.127478886,-0.387657679
    1990-08-01,0.214461111,-0.114061667,1.628246944,-0.463545556,0.301224433,-0.107229063,-0.492001479,-0.605071236,-0.086763322,-0.156550745,2.120248609,-0.388891564
    1990-09-01,0.214461111,-0.114061667,1.646118611,-0.464713611,0.301224433,-0.107229063,-0.466899443,-0.606756578,-0.086763322,-0.156550745,2.113018332,-0.390121547
    1990-10-01,0.214461111,-0.114061667,1.663990278,-0.465878611,0.301224433,-0.107229063,-0.441797407,-0.608437252,-0.086763322,-0.156550745,2.105788055,-0.391347664
    1990-11-01,0.214461111,-0.114061667,1.681862222,-0.467040556,0.301224433,-0.107229063,-0.416695371,-0.610113296,-0.086763322,-0.156550745,2.098557779,-0.392569952
    1990-12-01,0.214461111,-0.114061667,1.699733889,-0.4682,0.300853173,-0.107236047,-0.391624273,-0.611784851,-0.086392062,-0.156555529,2.09135844,-0.393788604
    1991-01-01,0.005950278,-0.113810833,1.700229722,-0.469351111,-0.116932509,-0.115094683,-0.401368649,-0.613566632,0.122882786,-0.161863189,2.101598672,-0.395187757
    1991-02-01,0.005950278,-0.113810833,1.700725556,-0.470499722,-0.116932509,-0.115094683,-0.411113025,-0.615343253,0.122882786,-0.161863189,2.111838904,-0.396581974
    1991-03-01,0.005950278,-0.113810833,1.701221667,-0.471645556,-0.116932509,-0.115094683,-0.420857401,-0.61711476,0.122882786,-0.161863189,2.122079137,-0.397971307
    1991-04-01,0.005950278,-0.113810833,1.7017175,-0.472788333,-0.116932509,-0.115094683,-0.430601776,-0.618881196,0.122882786,-0.161863189,2.132319369,-0.399355806
    1991-05-01,0.005950278,-0.113810833,1.702213333,-0.473928611,-0.116932509,-0.115094683,-0.440346152,-0.620642605,0.122882786,-0.161863189,2.142559601,-0.400735522
    1991-06-01,0.005950278,-0.113810833,1.702709167,-0.475065833,-0.116932509,-0.115094683,-0.450090528,-0.622399028,0.122882786,-0.161863189,2.152799833,-0.402110504
    1991-07-01,0.005950278,-0.113810833,1.703205,-0.476200556,-0.116932509,-0.115094683,-0.459834903,-0.624150509,0.122882786,-0.161863189,2.163040065,-0.403480801
    1991-08-01,0.005950278,-0.113810833,1.703700833,-0.477332778,-0.116932509,-0.115094683,-0.469579279,-0.625897089,0.122882786,-0.161863189,2.173280298,-0.404846459
    1991-09-01,0.005950278,-0.113810833,1.704196667,-0.478461944,-0.116932509,-0.115094683,-0.479323655,-0.627638808,0.122882786,-0.161863189,2.18352053,-0.406207526
    1991-10-01,0.005950278,-0.113810833,1.7046925,-0.479588611,-0.116932509,-0.115094683,-0.489068031,-0.629375708,0.122882786,-0.161863189,2.193760762,-0.407564048
    1991-11-01,0.005950278,-0.113810833,1.705188333,-0.480712778,-0.116932509,-0.115094683,-0.498812406,-0.631107827,0.122882786,-0.161863189,2.204000994,-0.40891607
    1991-12-01,0.005950278,-0.113810833,1.705684167,-0.481834167,-0.117162657,-0.115099936,-0.508575961,-0.632835285,0.123112935,-0.161866924,2.214260406,-0.410263759
    1992-01-01,-0.057995833,-0.162059444,1.700851389,-0.4841,-0.376152886,-0.121011639,-0.539922035,-0.635522951,0.318157053,-0.202254988,2.240773493,-0.411748309
    1992-02-01,-0.057995833,-0.162059444,1.696018333,-0.486355,-0.376152886,-0.121011639,-0.571268109,-0.638199298,0.318157053,-0.202254988,2.267286581,-0.413227526
    1992-03-01,-0.057995833,-0.162059444,1.691185278,-0.4886,-0.376152886,-0.121011639,-0.602614183,-0.640864469,0.318157053,-0.202254988,2.293799669,-0.414701466
    1992-04-01,-0.212621944,-0.325488611,1.673466944,-0.4975525,-0.376152886,-0.121011639,-0.633960257,-0.648657195,0.163530942,-0.347255889,2.307427247,-0.416170187
    1992-05-01,-0.228233889,-0.339234444,1.6544475,-0.507098056,-0.376152886,-0.121011639,-0.66530633,-0.656937193,0.147918997,-0.360171938,2.31975383,-0.417633742
    1992-06-01,-0.228233889,-0.339234444,1.635427778,-0.516467222,-0.376152886,-0.121011639,-0.696652404,-0.665114121,0.147918997,-0.360171938,2.332080413,-0.419092186
    1992-07-01,-0.228233889,-0.339234444,1.616408333,-0.525669444,-0.376152886,-0.121011639,-0.727998478,-0.673191736,0.147918997,-0.360171938,2.344406997,-0.420545572
    1992-08-01,-0.228233889,-0.339234444,1.597388889,-0.534713611,-0.376152886,-0.121011639,-0.759344552,-0.68117357,0.147918997,-0.360171938,2.35673358,-0.421993953
    1992-09-01,-0.233785556,-0.350860278,1.577906667,-0.544221667,-0.376152886,-0.121011639,-0.790690626,-0.689547916,0.142367331,-0.371142494,2.368597524,-0.42343738
    1992-10-01,-0.233785556,-0.350860278,1.558424722,-0.553566389,-0.376152886,-0.121011639,-0.8220367,-0.697821772,0.142367331,-0.371142494,2.380461468,-0.424875903
    1992-11-01,-0.233785556,-0.350860278,1.5389425,-0.562755833,-0.376152886,-0.121011639,-0.853382774,-0.70599867,0.142367331,-0.371142494,2.392325412,-0.426309572
    1992-12-01,-0.233785556,-0.350860278,1.519460278,-0.571797778,-0.375920352,-0.12100476,-0.88470947,-0.714081844,0.142134796,-0.371140252,2.404169979,-0.427738273
    1993-01-01,-0.041958889,-0.257685,1.515963889,-0.576616111,-0.114244927,-0.113264359,-0.89422988,-0.718690066,0.072286038,-0.281478906,2.410193815,-0.428986128
    1993-02-01,-0.041958889,-0.257685,1.512467222,-0.581394722,-0.114244927,-0.113264359,-0.903750291,-0.723268928,0.072286038,-0.281478906,2.416217652,-0.430230364
    1993-03-01,-0.041958889,-0.257685,1.508970833,-0.586134167,-0.114244927,-0.113264359,-0.913270701,-0.727818984,0.072286038,-0.281478906,2.422241488,-0.431471012
    1993-04-01,-0.041958889,-0.257685,1.505474167,-0.590835556,-0.114244927,-0.113264359,-0.922791112,-0.732340771,0.072286038,-0.281478906,2.428265325,-0.432708103
    1993-05-01,-0.041958889,-0.257685,1.5019775,-0.5955,-0.114244927,-0.113264359,-0.932311523,-0.73683481,0.072286038,-0.281478906,2.434289161,-0.433941667
    1993-06-01,-0.041958889,-0.257685,1.498481111,-0.600128056,-0.114244927,-0.113264359,-0.941831933,-0.741301604,0.072286038,-0.281478906,2.440312998,-0.435171734
    1993-07-01,-0.041958889,-0.257685,1.494984444,-0.604720556,-0.114244927,-0.113264359,-0.951352344,-0.745741644,0.072286038,-0.281478906,2.446336835,-0.436398334
    1993-08-01,-0.041958889,-0.257685,1.491487778,-0.609278611,-0.114244927,-0.113264359,-0.960872754,-0.750155404,0.072286038,-0.281478906,2.452360671,-0.437621496
    1993-09-01,-0.041958889,-0.257685,1.487991389,-0.613803056,-0.114244927,-0.113264359,-0.970393165,-0.754543347,0.072286038,-0.281478906,2.458384508,-0.438841249
    1993-10-01,-0.041958889,-0.257685,1.484494722,-0.618293889,-0.114244927,-0.113264359,-0.979913576,-0.758905919,0.072286038,-0.281478906,2.464408344,-0.440057621
    1993-11-01,-0.041958889,-0.257685,1.480998056,-0.622752778,-0.114244927,-0.113264359,-0.989433986,-0.763243556,0.072286038,-0.281478906,2.470432181,-0.44127064
    1993-12-01,-0.041958889,-0.257685,1.477501667,-0.627179722,-0.113751696,-0.113255468,-0.998913294,-0.76755657,0.071792807,-0.281475328,2.476414915,-0.442480144
    1994-01-01,0.316201389,-0.154284444,1.503851667,-0.628759167,0.441290961,-0.103249465,-0.962139047,-0.769425175,-0.125089572,-0.185645204,2.465990784,-0.443482862
    1994-02-01,0.316201389,-0.154284444,1.530201944,-0.630334722,0.441290961,-0.103249465,-0.925364801,-0.771289253,-0.125089572,-0.185645204,2.455566652,-0.444483318
    1994-03-01,0.316201389,-0.154284444,1.556551944,-0.631906111,0.441290961,-0.103249465,-0.888590554,-0.773148837,-0.125089572,-0.185645204,2.445142521,-0.445481527
    1994-04-01,0.316201389,-0.154284444,1.582901944,-0.633473889,0.441290961,-0.103249465,-0.851816307,-0.775003959,-0.125089572,-0.185645204,2.43471839,-0.446477505
    1994-05-01,0.316201389,-0.154284444,1.609252222,-0.6350375,0.441290961,-0.103249465,-0.81504206,-0.776854651,-0.125089572,-0.185645204,2.424294259,-0.447471265
    1994-06-01,0.316201389,-0.154284444,1.635602222,-0.6365975,0.441290961,-0.103249465,-0.778267814,-0.778700944,-0.125089572,-0.185645204,2.413870128,-0.448462824
    1994-07-01,0.316201389,-0.154284444,1.6619525,-0.638153611,0.441290961,-0.103249465,-0.741493567,-0.78054287,-0.125089572,-0.185645204,2.403445997,-0.449452195
    1994-08-01,0.316201389,-0.154284444,1.6883025,-0.639705833,0.441290961,-0.103249465,-0.70471932,-0.78238046,-0.125089572,-0.185645204,2.393021866,-0.450439392
    1994-09-01,0.316201389,-0.154284444,1.7146525,-0.641254444,0.441290961,-0.103249465,-0.667945073,-0.784213744,-0.125089572,-0.185645204,2.382597735,-0.451424431
    1994-10-01,0.316201389,-0.154284444,1.741002778,-0.642799167,0.441290961,-0.103249465,-0.631170826,-0.786042752,-0.125089572,-0.185645204,2.372173604,-0.452407326
    1994-11-01,0.316201389,-0.154284444,1.767352778,-0.644340278,0.441290961,-0.103249465,-0.59439658,-0.787867514,-0.125089572,-0.185645204,2.361749473,-0.453388089
    1994-12-01,0.316201389,-0.154284444,1.793702778,-0.645877778,0.44099156,-0.103255485,-0.557647283,-0.789688125,-0.124790171,-0.185648552,2.351350292,-0.45436685
    1995-01-01,0.3135725,-0.157720833,1.819833889,-0.647480556,0.10406901,-0.110029793,-0.548974865,-0.79163704,0.20950349,-0.192308129,2.368808916,-0.4554757
    1995-02-01,0.3135725,-0.157720833,1.845965,-0.649079444,0.10406901,-0.110029793,-0.540302448,-0.793581169,0.20950349,-0.192308129,2.38626754,-0.456581858
    1995-03-01,0.3135725,-0.157720833,1.872096111,-0.650674444,0.10406901,-0.110029793,-0.53163003,-0.795520546,0.20950349,-0.192308129,2.403726165,-0.457685343
    1995-04-01,0.3135725,-0.157720833,1.898227222,-0.652265278,0.10406901,-0.110029793,-0.522957613,-0.797455207,0.20950349,-0.192308129,2.421184789,-0.458786173
    1995-05-01,0.3135725,-0.157720833,1.924358056,-0.6538525,0.10406901,-0.110029793,-0.514285195,-0.799385186,0.20950349,-0.192308129,2.438643413,-0.459884368
    1995-06-01,0.3135725,-0.157720833,1.950489167,-0.655435833,0.10406901,-0.110029793,-0.505612778,-0.801310517,0.20950349,-0.192308129,2.456102037,-0.460979947
    1995-07-01,0.3135725,-0.157720833,1.976620278,-0.657015278,0.10406901,-0.110029793,-0.49694036,-0.803231232,0.20950349,-0.192308129,2.473560661,-0.462072929
    1995-08-01,0.3135725,-0.157720833,2.002751389,-0.658590833,0.10406901,-0.110029793,-0.488267943,-0.805147366,0.20950349,-0.192308129,2.491019285,-0.463163331
    1995-09-01,0.3135725,-0.157720833,2.028882222,-0.660162778,0.10406901,-0.110029793,-0.479595525,-0.80705895,0.20950349,-0.192308129,2.508477909,-0.464251172
    1995-10-01,0.3135725,-0.157720833,2.055013333,-0.661731111,0.10406901,-0.110029793,-0.470923108,-0.808966017,0.20950349,-0.192308129,2.525936534,-0.46533647
    1995-11-01,0.3135725,-0.157720833,2.081144444,-0.663295556,0.10406901,-0.110029793,-0.46225069,-0.810868599,0.20950349,-0.192308129,2.543395158,-0.466419243
    1995-12-01,0.3135725,-0.157720833,2.107275556,-0.664856389,0.104000068,-0.110030437,-0.453584018,-0.812766735,0.209572432,-0.192308498,2.560859527,-0.46749952
    1996-01-01,0.231205556,-0.147567778,2.1265425,-0.666219722,0.02641805,-0.11075538,-0.451382514,-0.814510087,0.204787505,-0.184507461,2.577925152,-0.46859154
    1996-02-01,0.231205556,-0.147567778,2.145809722,-0.667580278,0.02641805,-0.11075538,-0.449181009,-0.816249716,0.204787505,-0.184507461,2.594990778,-0.46968102
    1996-03-01,0.231205556,-0.147567778,2.165076944,-0.668938056,0.02641805,-0.11075538,-0.446979505,-0.817985645,0.204787505,-0.184507461,2.612056403,-0.470767979
    1996-04-01,0.231205556,-0.147567778,2.184344167,-0.670293056,0.02641805,-0.11075538,-0.444778001,-0.819717899,0.204787505,-0.184507461,2.629122029,-0.471852434
    1996-05-01,0.231205556,-0.147567778,2.203611111,-0.671645278,0.02641805,-0.11075538,-0.442576497,-0.821446499,0.204787505,-0.184507461,2.646187654,-0.472934403
    1996-06-01,0.231205556,-0.147567778,2.222878333,-0.672995,0.02641805,-0.11075538,-0.440374993,-0.823171469,0.204787505,-0.184507461,2.66325328,-0.474013902
    1996-07-01,0.231205556,-0.147567778,2.242145556,-0.674341667,0.02641805,-0.11075538,-0.438173488,-0.824892832,0.204787505,-0.184507461,2.680318905,-0.475090947
    1996-08-01,0.231205556,-0.147567778,2.2614125,-0.675685833,0.02641805,-0.11075538,-0.435971984,-0.82661061,0.204787505,-0.184507461,2.697384531,-0.476165557
    1996-09-01,0.231205556,-0.147567778,2.280679722,-0.6770275,0.02641805,-0.11075538,-0.43377048,-0.828324827,0.204787505,-0.184507461,2.714450156,-0.477237747
    1996-10-01,0.231205556,-0.147567778,2.299946944,-0.678366389,0.02641805,-0.11075538,-0.431568976,-0.830035503,0.204787505,-0.184507461,2.731515782,-0.478307534
    1996-11-01,0.231205556,-0.147567778,2.319213889,-0.6797025,0.02641805,-0.11075538,-0.429367472,-0.83174266,0.204787505,-0.184507461,2.748581407,-0.479374933
    1996-12-01,0.231205556,-0.147567778,2.338481111,-0.681036111,0.026698861,-0.110751284,-0.427142567,-0.833446275,0.204506694,-0.184505002,2.765623631,-0.480439882
    1997-01-01,0.169976667,-0.210057778,2.352645833,-0.683730556,0.342701213,-0.10614144,-0.398584132,-0.836210829,-0.172724546,-0.235351387,2.751229919,-0.481415947
    1997-02-01,0.169976667,-0.210057778,2.366810556,-0.686414167,0.342701213,-0.10614144,-0.370025698,-0.838966273,-0.172724546,-0.235351387,2.736836207,-0.482390037
    1997-03-01,0.169976667,-0.210057778,2.380975278,-0.689087222,0.342701213,-0.10614144,-0.341467264,-0.841712696,-0.172724546,-0.235351387,2.722442495,-0.483362164
    1997-04-01,0.169976667,-0.210057778,2.39514,-0.691750278,0.342701213,-0.10614144,-0.312908829,-0.844450188,-0.172724546,-0.235351387,2.708048783,-0.48433234
    1997-05-01,0.169976667,-0.210057778,2.409304722,-0.694402778,0.342701213,-0.10614144,-0.284350395,-0.847178834,-0.172724546,-0.235351387,2.693655071,-0.485300577
    1997-06-01,0.169976667,-0.210057778,2.423469444,-0.697045556,0.342701213,-0.10614144,-0.25579196,-0.849898719,-0.172724546,-0.235351387,2.679261359,-0.486266885
    1997-07-01,0.169976667,-0.210057778,2.437634167,-0.699678056,0.342701213,-0.10614144,-0.227233526,-0.852609928,-0.172724546,-0.235351387,2.664867646,-0.487231277
    1997-08-01,0.169976667,-0.210057778,2.451798889,-0.702300833,0.342701213,-0.10614144,-0.198675092,-0.855312543,-0.172724546,-0.235351387,2.650473934,-0.488193764
    1997-09-01,0.169976667,-0.210057778,2.465963611,-0.704913889,0.342701213,-0.10614144,-0.170116657,-0.858006644,-0.172724546,-0.235351387,2.636080222,-0.489154357
    1997-10-01,0.169976667,-0.210057778,2.480128333,-0.707517222,0.342701213,-0.10614144,-0.141558223,-0.860692313,-0.172724546,-0.235351387,2.62168651,-0.490113067
    1997-11-01,0.169976667,-0.210057778,2.494293056,-0.710110833,0.342701213,-0.10614144,-0.112999788,-0.863369628,-0.172724546,-0.235351387,2.607292798,-0.491069906
    1997-12-01,0.169976667,-0.210057778,2.508457778,-0.712695278,0.342250226,-0.106150377,-0.084478936,-0.866038757,-0.172273559,-0.235355418,2.592936668,-0.492025044
    1998-01-01,0.230973889,-0.173281667,2.527705556,-0.714448611,-0.165254042,-0.116207578,-0.098250107,-0.868130572,0.396227931,-0.20864021,2.625955662,-0.493167309
    1998-02-01,0.230973889,-0.173281667,2.546953333,-0.7161975,-0.165254042,-0.116207578,-0.112021277,-0.870217359,0.396227931,-0.20864021,2.658974656,-0.494306934
    1998-03-01,0.230973889,-0.173281667,2.566201111,-0.717942222,-0.165254042,-0.116207578,-0.125792447,-0.872299154,0.396227931,-0.20864021,2.691993651,-0.495443937
    1998-04-01,0.230973889,-0.173281667,2.585448889,-0.719682778,-0.165254042,-0.116207578,-0.139563617,-0.874375992,0.396227931,-0.20864021,2.725012645,-0.496578337
    1998-05-01,0.230973889,-0.173281667,2.604696667,-0.721419167,-0.165254042,-0.116207578,-0.153334787,-0.876447909,0.396227931,-0.20864021,2.758031639,-0.497710152
    1998-06-01,0.230973889,-0.173281667,2.623944722,-0.723151389,-0.165254042,-0.116207578,-0.167105957,-0.878514939,0.396227931,-0.20864021,2.791050633,-0.498839398
    1998-07-01,0.230973889,-0.173281667,2.6431925,-0.724879167,-0.165254042,-0.116207578,-0.180877127,-0.880577118,0.396227931,-0.20864021,2.824069627,-0.499966094
    1998-08-01,0.230973889,-0.173281667,2.662440278,-0.726603056,-0.165254042,-0.116207578,-0.194648298,-0.882634478,0.396227931,-0.20864021,2.857088622,-0.501090257
    1998-09-01,0.230973889,-0.173281667,2.681688056,-0.728323056,-0.165254042,-0.116207578,-0.208419468,-0.884687054,0.396227931,-0.20864021,2.890107616,-0.502211903
    1998-10-01,0.230973889,-0.173281667,2.700935833,-0.730038611,-0.165254042,-0.116207578,-0.222190638,-0.886734879,0.396227931,-0.20864021,2.92312661,-0.50333105
    1998-11-01,0.230973889,-0.173281667,2.720183611,-0.731750556,-0.165254042,-0.116207578,-0.235961808,-0.888777985,0.396227931,-0.20864021,2.956145604,-0.504447714
    1998-12-01,0.230973889,-0.173281667,2.739431389,-0.733458333,-0.164928513,-0.116200351,-0.249705851,-0.890816327,0.395902402,-0.208636185,2.989137471,-0.505561773
    1999-01-01,0.299456111,-0.169584444,2.764386111,-0.735090278,0.201395331,-0.10806747,-0.232922907,-0.892705728,0.09806078,-0.201090681,2.997309203,-0.506523367
    1999-02-01,0.299456111,-0.169584444,2.789340833,-0.736718611,0.201395331,-0.10806747,-0.216139962,-0.894591139,0.09806078,-0.201090681,3.005480934,-0.507483139
    1999-03-01,0.299456111,-0.169584444,2.814295556,-0.738343333,0.201395331,-0.10806747,-0.199357018,-0.896472584,0.09806078,-0.201090681,3.013652666,-0.508441099
    1999-04-01,0.299456111,-0.169584444,2.839250278,-0.739964444,0.201395331,-0.10806747,-0.182574074,-0.898350089,0.09806078,-0.201090681,3.021824398,-0.509397257
    1999-05-01,0.299456111,-0.169584444,2.864205,-0.741581944,0.201395331,-0.10806747,-0.165791129,-0.900223678,0.09806078,-0.201090681,3.029996129,-0.510351624
    1999-06-01,0.299456111,-0.169584444,2.889159444,-0.743196111,0.201395331,-0.10806747,-0.149008185,-0.902093376,0.09806078,-0.201090681,3.038167861,-0.51130421
    1999-07-01,0.299456111,-0.169584444,2.914114167,-0.744806667,0.201395331,-0.10806747,-0.132225241,-0.903959207,0.09806078,-0.201090681,3.046339593,-0.512255025
    1999-08-01,0.299456111,-0.169584444,2.939068889,-0.746413889,0.201395331,-0.10806747,-0.115442297,-0.905821195,0.09806078,-0.201090681,3.054511324,-0.513204077
    1999-09-01,0.299456111,-0.169584444,2.964023611,-0.7480175,0.201395331,-0.10806747,-0.098659352,-0.907679363,0.09806078,-0.201090681,3.062683056,-0.514151379
    1999-10-01,0.299456111,-0.169584444,2.988978333,-0.749617778,0.201395331,-0.10806747,-0.081876408,-0.909533735,0.09806078,-0.201090681,3.070854788,-0.515096937
    1999-11-01,0.299456111,-0.169584444,3.013933056,-0.751214444,0.201395331,-0.10806747,-0.065093464,-0.911384333,0.09806078,-0.201090681,3.079026519,-0.516040764
    1999-12-01,0.299456111,-0.169584444,3.0388875,-0.752808056,0.201274229,-0.108068956,-0.048320611,-0.913231197,0.098181882,-0.201091479,3.087208343,-0.516982893
    2000-01-01,0.331294722,-0.166494167,3.066495556,-0.754340556,0.06499566,-0.109740978,-0.042904306,-0.915043624,0.266299063,-0.199407597,3.109399931,-0.517952606
    2000-02-01,0.331294722,-0.166494167,3.094103333,-0.755870278,0.06499566,-0.109740978,-0.037488001,-0.916852469,0.266299063,-0.199407597,3.13159152,-0.518920506
    2000-03-01,0.331294722,-0.166494167,3.121711389,-0.757396667,0.06499566,-0.109740978,-0.032071696,-0.918657752,0.266299063,-0.199407597,3.153783108,-0.519886605
    2000-04-01,0.331294722,-0.166494167,3.149319167,-0.758920278,0.06499566,-0.109740978,-0.026655391,-0.920459495,0.266299063,-0.199407597,3.175974697,-0.520850912
    2000-05-01,0.331294722,-0.166494167,3.176927222,-0.760440556,0.06499566,-0.109740978,-0.021239086,-0.922257718,0.266299063,-0.199407597,3.198166285,-0.521813437
    2000-06-01,0.331294722,-0.166494167,3.204535,-0.761958056,0.06499566,-0.109740978,-0.015822781,-0.924052441,0.266299063,-0.199407597,3.220357874,-0.522774189
    2000-07-01,0.331294722,-0.166494167,3.232142778,-0.763472222,0.06499566,-0.109740978,-0.010406476,-0.925843685,0.266299063,-0.199407597,3.242549462,-0.523733179
    2000-08-01,0.331294722,-0.166494167,3.259750833,-0.764983611,0.06499566,-0.109740978,-0.004990171,-0.927631471,0.266299063,-0.199407597,3.264741051,-0.524690417
    2000-09-01,0.331294722,-0.166494167,3.287358611,-0.766491944,0.06499566,-0.109740978,0.000426134,-0.929415817,0.266299063,-0.199407597,3.28693264,-0.525645911
    2000-10-01,0.331294722,-0.166494167,3.314966667,-0.7679975,0.06499566,-0.109740978,0.005842439,-0.931196745,0.266299063,-0.199407597,3.309124228,-0.526599671
    2000-11-01,0.331294722,-0.166494167,3.342574444,-0.7695,0.06499566,-0.109740978,0.011258744,-0.932974273,0.266299063,-0.199407597,3.331315817,-0.527551707
    2000-12-01,0.331294722,-0.166494167,3.370182222,-0.770999444,0.064847892,-0.109744948,0.016662735,-0.934748459,0.266446831,-0.199409782,3.353519719,-0.528502097
    2001-01-01,0.221511389,-0.143626389,3.388641667,-0.772113333,-0.101438395,-0.11421228,0.008209535,-0.936248239,0.322949784,-0.183502001,3.380432201,-0.529529512
    2001-02-01,0.221511389,-0.143626389,3.407100833,-0.773225833,-0.101438395,-0.11421228,-0.000243665,-0.937745619,0.322949784,-0.183502001,3.407344683,-0.530554937
    2001-03-01,0.221511389,-0.143626389,3.425560278,-0.774336667,-0.101438395,-0.11421228,-0.008696864,-0.939240613,0.322949784,-0.183502001,3.434257165,-0.531578384
    2001-04-01,0.221511389,-0.143626389,3.444019444,-0.775445833,-0.101438395,-0.11421228,-0.017150064,-0.94073323,0.322949784,-0.183502001,3.461169647,-0.532599864
    2001-05-01,0.221511389,-0.143626389,3.462478611,-0.776553611,-0.101438395,-0.11421228,-0.025603263,-0.942223483,0.322949784,-0.183502001,3.488082129,-0.533619389
    2001-06-01,0.221511389,-0.143626389,3.480938056,-0.777659444,-0.101438395,-0.11421228,-0.034056463,-0.943711383,0.322949784,-0.183502001,3.514994611,-0.53463697
    2001-07-01,0.221511389,-0.143626389,3.499397222,-0.778764167,-0.101438395,-0.11421228,-0.042509663,-0.945196941,0.322949784,-0.183502001,3.541907093,-0.535652617
    2001-08-01,0.221511389,-0.143626389,3.517856389,-0.779866944,-0.101438395,-0.11421228,-0.050962862,-0.946680167,0.322949784,-0.183502001,3.568819575,-0.536666343
    2001-09-01,0.221511389,-0.143626389,3.536315833,-0.780968333,-0.101438395,-0.11421228,-0.059416062,-0.948161074,0.322949784,-0.183502001,3.595732057,-0.537678157
    2001-10-01,0.221511389,-0.143626389,3.554775,-0.782068056,-0.101438395,-0.11421228,-0.067869261,-0.94963967,0.322949784,-0.183502001,3.622644539,-0.538688071
    2001-11-01,0.221511389,-0.143626389,3.573234444,-0.783166389,-0.101438395,-0.11421228,-0.076322461,-0.951115969,0.322949784,-0.183502001,3.649557021,-0.539696095
    2001-12-01,0.221511389,-0.143626389,3.591693611,-0.784263056,-0.101544775,-0.114213192,-0.084784526,-0.952589988,0.323056164,-0.183502569,3.676478368,-0.540702256
    2002-01-01,0.235982778,-0.162326111,3.611358889,-0.785661944,-0.22125651,-0.115239652,-0.103222568,-0.954321843,0.457239288,-0.19907271,3.714581642,-0.541724663
    2002-02-01,0.235982778,-0.162326111,3.631024167,-0.787058056,-0.22125651,-0.115239652,-0.121660611,-0.956050561,0.457239288,-0.19907271,3.752684916,-0.542745145
    2002-03-01,0.235982778,-0.162326111,3.650689444,-0.788451667,-0.22125651,-0.115239652,-0.140098653,-0.957776159,0.457239288,-0.19907271,3.79078819,-0.543763711
    2002-04-01,0.249226667,-0.228715278,3.671458333,-0.791211389,-0.22125651,-0.115239652,-0.158536696,-0.960625357,0.470483177,-0.256107118,3.829995122,-0.544780373
    2002-05-01,0.252840833,-0.2234775,3.692528333,-0.793836944,-0.22125651,-0.115239652,-0.176974738,-0.963363694,0.474097344,-0.25144059,3.869503234,-0.545795142
    2002-06-01,0.252840833,-0.2234775,3.713598333,-0.796454167,-0.22125651,-0.115239652,-0.195412781,-0.96609427,0.474097344,-0.25144059,3.909011346,-0.546808027
    2002-07-01,0.252840833,-0.2234775,3.734668333,-0.7990625,-0.22125651,-0.115239652,-0.213850823,-0.96881715,0.474097344,-0.25144059,3.948519458,-0.547819039
    2002-08-01,0.252840833,-0.2234775,3.755738611,-0.8016625,-0.22125651,-0.115239652,-0.232288866,-0.971532398,0.474097344,-0.25144059,3.98802757,-0.548828189
    2002-09-01,0.252840833,-0.2234775,3.776808611,-0.804254167,-0.22125651,-0.115239652,-0.250726908,-0.974240079,0.474097344,-0.25144059,4.027535682,-0.549835487
    2002-10-01,0.252840833,-0.2234775,3.797878611,-0.806837222,-0.22125651,-0.115239652,-0.269164951,-0.976940255,0.474097344,-0.25144059,4.067043794,-0.550840943
    2002-11-01,0.252840833,-0.2234775,3.818948611,-0.809412222,-0.22125651,-0.115239652,-0.287602994,-0.979632989,0.474097344,-0.25144059,4.106551906,-0.551844567
    2002-12-01,0.252840833,-0.2234775,3.840018889,-0.811979167,-0.220900902,-0.115233213,-0.306011402,-0.982318279,0.473741735,-0.251437639,4.146030384,-0.552846257
    2003-01-01,0.361769444,-0.146805,3.870166111,-0.813084444,0.179272461,-0.107987022,-0.29107203,-0.983726051,0.182496984,-0.182244081,4.161238465,-0.553724435
    2003-02-01,0.361769444,-0.146805,3.900313611,-0.814188056,0.179272461,-0.107987022,-0.276132659,-0.985131811,0.182496984,-0.182244081,4.176446547,-0.554601223
    2003-03-01,0.361769444,-0.146805,3.930461111,-0.815290278,0.179272461,-0.107987022,-0.261193287,-0.986535568,0.182496984,-0.182244081,4.191654629,-0.555476627
    2003-04-01,0.361769444,-0.146805,3.960608611,-0.816390833,0.179272461,-0.107987022,-0.246253915,-0.987937331,0.182496984,-0.182244081,4.206862711,-0.556350653
    2003-05-01,0.361769444,-0.146805,3.990756111,-0.81749,0.179272461,-0.107987022,-0.231314543,-0.989337107,0.182496984,-0.182244081,4.222070793,-0.557223309
    2003-06-01,0.361769444,-0.146805,4.020903611,-0.818587778,0.179272461,-0.107987022,-0.216375172,-0.990734906,0.182496984,-0.182244081,4.237278875,-0.5580946
    2003-07-01,0.361769444,-0.146805,4.051050833,-0.819684167,0.179272461,-0.107987022,-0.2014358,-0.992130735,0.182496984,-0.182244081,4.252486957,-0.558964533
    2003-08-01,0.361769444,-0.146805,4.081198333,-0.820778889,0.179272461,-0.107987022,-0.186496428,-0.993524604,0.182496984,-0.182244081,4.267695039,-0.559833114
    2003-09-01,0.386620278,-0.143575556,4.113416667,-0.821824722,0.179272461,-0.107987022,-0.171557056,-0.994877245,0.207347817,-0.179652824,4.284974024,-0.560700349
    2003-10-01,0.386620278,-0.143575556,4.145635,-0.822869167,0.179272461,-0.107987022,-0.156617685,-0.99622805,0.207347817,-0.179652824,4.302253009,-0.561566246
    2003-11-01,0.386620278,-0.143575556,4.177853611,-0.823912222,0.179272461,-0.107987022,-0.141678313,-0.997577026,0.207347817,-0.179652824,4.319531993,-0.562430809
    2003-12-01,0.386620278,-0.143575556,4.210071944,-0.824954167,0.17894912,-0.107993391,-0.126765886,-0.998924238,0.207671158,-0.179656652,4.336837923,-0.563294147
    2004-01-01,0.257383611,-0.1392975,4.231520556,-0.825933611,-0.184912788,-0.115160444,-0.142175285,-1.000285847,0.442296399,-0.180736608,4.373695956,-0.564274274
    2004-02-01,0.257383611,-0.1392975,4.252969167,-0.826911944,-0.184912788,-0.115160444,-0.157584684,-1.001645606,0.442296399,-0.180736608,4.41055399,-0.565252702
    2004-03-01,0.257383611,-0.1392975,4.274417778,-0.827888889,-0.184912788,-0.115160444,-0.172994083,-1.003003521,0.442296399,-0.180736608,4.447412023,-0.566229439
    2004-04-01,0.257383611,-0.1392975,4.295866389,-0.828865,-0.184912788,-0.115160444,-0.188403482,-1.0043596,0.442296399,-0.180736608,4.484270056,-0.567204494
    2004-05-01,0.257383611,-0.1392975,4.317315,-0.829839722,-0.184912788,-0.115160444,-0.203812881,-1.005713851,0.442296399,-0.180736608,4.521128089,-0.568177876
    2004-06-01,0.257383611,-0.1392975,4.338763611,-0.830813611,-0.184912788,-0.115160444,-0.21922228,-1.007066281,0.442296399,-0.180736608,4.557986123,-0.569149594
    2004-07-01,0.257383611,-0.1392975,4.360212222,-0.831786111,-0.184912788,-0.115160444,-0.234631679,-1.008416897,0.442296399,-0.180736608,4.594844156,-0.570119655
    2004-08-01,0.257383611,-0.1392975,4.381660833,-0.8327575,-0.184912788,-0.115160444,-0.250041078,-1.009765706,0.442296399,-0.180736608,4.631702189,-0.571088068
    2004-09-01,0.257383611,-0.1392975,4.403109722,-0.833727778,-0.184912788,-0.115160444,-0.265450477,-1.011112716,0.442296399,-0.180736608,4.668560222,-0.572054842
    2004-10-01,0.257383611,-0.1392975,4.424558333,-0.834696944,-0.184912788,-0.115160444,-0.280859876,-1.012457934,0.442296399,-0.180736608,4.705418255,-0.573019984
    2004-11-01,0.257383611,-0.1392975,4.446006944,-0.835665,-0.184912788,-0.115160444,-0.296269275,-1.013801367,0.442296399,-0.180736608,4.742276289,-0.573983504
    2004-12-01,0.257383611,-0.1392975,4.467455556,-0.836631944,-0.185103702,-0.115165434,-0.311694583,-1.015143069,0.442487313,-0.180739787,4.779150231,-0.574945493
    2005-01-01,0.125733333,-0.190061111,4.477933333,-0.838429167,-0.399943712,-0.120780892,-0.345023226,-1.017222389,0.525677045,-0.225191585,4.822956652,-0.576001726
    2005-02-01,0.125733333,-0.190061111,4.488411111,-0.8402225,-0.399943712,-0.120780892,-0.378351869,-1.019297467,0.525677045,-0.225191585,4.866763072,-0.577056026
    2005-03-01,0.125733333,-0.190061111,4.498888889,-0.842011944,-0.399943712,-0.120780892,-0.411680511,-1.021368329,0.525677045,-0.225191585,4.910569493,-0.578108403
    2005-04-01,0.125733333,-0.190061111,4.509366667,-0.8437975,-0.399943712,-0.120780892,-0.445009154,-1.023435001,0.525677045,-0.225191585,4.954375913,-0.579158868
    2005-05-01,0.125733333,-0.190061111,4.519844444,-0.845579444,-0.399943712,-0.120780892,-0.478337797,-1.025497508,0.525677045,-0.225191585,4.998182334,-0.580207431
    2005-06-01,0.125733333,-0.190061111,4.530322222,-0.8473575,-0.399943712,-0.120780892,-0.511666439,-1.027555875,0.525677045,-0.225191585,5.041988754,-0.581254103
    2005-07-01,0.125733333,-0.190061111,4.5408,-0.849131944,-0.399943712,-0.120780892,-0.544995082,-1.029610127,0.525677045,-0.225191585,5.085795175,-0.582298893
    2005-08-01,0.125733333,-0.190061111,4.551277778,-0.8509025,-0.399943712,-0.120780892,-0.578323725,-1.031660289,0.525677045,-0.225191585,5.129601595,-0.583341812
    2005-09-01,0.125733333,-0.190061111,4.561755556,-0.852669722,-0.399943712,-0.120780892,-0.611652367,-1.033706385,0.525677045,-0.225191585,5.173408015,-0.584382869
    2005-10-01,0.125733333,-0.190061111,4.572233333,-0.854433056,-0.399943712,-0.120780892,-0.64498101,-1.035748438,0.525677045,-0.225191585,5.217214436,-0.585422076
    2005-11-01,0.125733333,-0.190061111,4.582711111,-0.856192778,-0.399943712,-0.120780892,-0.678309653,-1.037786474,0.525677045,-0.225191585,5.261020856,-0.586459441
    2005-12-01,0.125733333,-0.190061111,4.593188889,-0.857948889,-0.399515569,-0.12077157,-0.711602617,-1.039820424,0.525248902,-0.225186585,5.304791598,-0.587494814
    2006-01-01,0.334319167,-0.199881944,4.621048889,-0.859886944,0.082282172,-0.110281298,-0.704745769,-1.041906623,0.252036994,-0.228286566,5.325794681,-0.58835674
    2006-02-01,0.334319167,-0.199881944,4.648908889,-0.861820833,0.082282172,-0.110281298,-0.697888921,-1.043988653,0.252036994,-0.228286566,5.346797764,-0.589217405
    2006-03-01,0.334319167,-0.199881944,4.676768889,-0.863750278,0.082282172,-0.110281298,-0.691032074,-1.046066539,0.252036994,-0.228286566,5.367800847,-0.590076815
    2006-04-01,0.334319167,-0.199881944,4.704628611,-0.865675278,0.082282172,-0.110281298,-0.684175226,-1.048140306,0.252036994,-0.228286566,5.38880393,-0.590934975
    2006-05-01,0.334319167,-0.199881944,4.732488611,-0.867596389,0.082282172,-0.110281298,-0.677318378,-1.050209978,0.252036994,-0.228286566,5.409807013,-0.591791891
    2006-06-01,0.334319167,-0.199881944,4.760348611,-0.869513056,0.082282172,-0.110281298,-0.670461531,-1.052275579,0.252036994,-0.228286566,5.430810095,-0.592647567
    2006-07-01,0.334319167,-0.199881944,4.788208333,-0.871425278,0.082282172,-0.110281298,-0.663604683,-1.054337133,0.252036994,-0.228286566,5.451813178,-0.59350201
    2006-08-01,0.334319167,-0.199881944,4.816068333,-0.873333611,0.082282172,-0.110281298,-0.656747835,-1.056394664,0.252036994,-0.228286566,5.472816261,-0.594355225
    2006-09-01,0.334319167,-0.199881944,4.843928333,-0.8752375,0.082282172,-0.110281298,-0.649890987,-1.058448196,0.252036994,-0.228286566,5.493819344,-0.595207216
    2006-10-01,0.334319167,-0.199881944,4.871788333,-0.8771375,0.082282172,-0.110281298,-0.64303414,-1.060497751,0.252036994,-0.228286566,5.514822427,-0.59605799
    2006-11-01,0.334319167,-0.199881944,4.899648056,-0.879033333,0.082282172,-0.110281298,-0.636177292,-1.062543353,0.252036994,-0.228286566,5.53582551,-0.596907551
    2006-12-01,0.334319167,-0.199881944,4.927508056,-0.880925278,0.082562307,-0.110276183,-0.6292971,-1.06458498,0.25175686,-0.228284096,5.556805248,-0.597755826
    2007-01-01,0.640318889,-0.223487778,4.980868056,-0.883284444,0.397803073,-0.10452083,-0.596146844,-1.066964758,0.242515815,-0.246721281,5.577014899,-0.598516843
    2007-02-01,0.640318889,-0.223487778,5.034227778,-0.8856375,0.397803073,-0.10452083,-0.562996588,-1.06933924,0.242515815,-0.246721281,5.597224551,-0.599276893
    2007-03-01,0.640318889,-0.223487778,5.087587778,-0.887984167,0.397803073,-0.10452083,-0.529846331,-1.071708462,0.242515815,-0.246721281,5.617434202,-0.600035981
    2007-04-01,0.640318889,-0.223487778,5.140947778,-0.890324722,0.397803073,-0.10452083,-0.496696075,-1.074072457,0.242515815,-0.246721281,5.637643853,-0.60079411
    2007-05-01,0.640318889,-0.223487778,5.194307778,-0.892659167,0.397803073,-0.10452083,-0.463545819,-1.076431261,0.242515815,-0.246721281,5.657853504,-0.601551283
    2007-06-01,0.640318889,-0.223487778,5.2476675,-0.8949875,0.397803073,-0.10452083,-0.430395563,-1.078784907,0.242515815,-0.246721281,5.678063156,-0.602307504
    2007-07-01,0.640318889,-0.223487778,5.3010275,-0.897309722,0.397803073,-0.10452083,-0.397245307,-1.081133429,0.242515815,-0.246721281,5.698272807,-0.603062777
    2007-08-01,0.640318889,-0.223487778,5.3543875,-0.899626111,0.397803073,-0.10452083,-0.364095051,-1.083476861,0.242515815,-0.246721281,5.718482458,-0.603817106
    2007-09-01,0.640318889,-0.223487778,5.407747222,-0.901936389,0.397803073,-0.10452083,-0.330944795,-1.085815235,0.242515815,-0.246721281,5.73869211,-0.604570493
    2007-10-01,0.640318889,-0.223487778,5.461107222,-0.904240833,0.397803073,-0.10452083,-0.297794539,-1.088148583,0.242515815,-0.246721281,5.758901761,-0.605322942
    2007-11-01,0.640318889,-0.223487778,5.514467222,-0.906539444,0.397803073,-0.10452083,-0.264644283,-1.09047694,0.242515815,-0.246721281,5.779111412,-0.606074458
    2007-12-01,0.640318889,-0.223487778,5.567826944,-0.908832222,0.397417353,-0.104525946,-0.23152617,-1.092800376,0.242901535,-0.246723449,5.799353207,-0.606825116
    2008-01-01,0.493457778,-0.184493333,5.608948611,-0.910391389,-0.036640761,-0.110283226,-0.234579566,-1.094560495,0.530098538,-0.214942272,5.843528085,-0.607659653
    2008-02-01,0.493457778,-0.184493333,5.65007,-0.911947778,-0.036640761,-0.110283226,-0.237632963,-1.096317788,0.530098538,-0.214942272,5.887702963,-0.608493045
    2008-03-01,0.493457778,-0.184493333,5.691191667,-0.913501667,-0.036640761,-0.110283226,-0.24068636,-1.098072268,0.530098538,-0.214942272,5.931877841,-0.609325298
    2008-04-01,0.493457778,-0.184493333,5.732313056,-0.915052778,-0.036640761,-0.110283226,-0.243739757,-1.09982395,0.530098538,-0.214942272,5.97605272,-0.610156415
    2008-05-01,0.493457778,-0.184493333,5.773434444,-0.916601389,-0.036640761,-0.110283226,-0.246793153,-1.101572847,0.530098538,-0.214942272,6.020227598,-0.610986402
    2008-06-01,0.493457778,-0.184493333,5.814556111,-0.9181475,-0.036640761,-0.110283226,-0.24984655,-1.103318971,0.530098538,-0.214942272,6.064402476,-0.611815263
    2008-07-01,0.493457778,-0.184493333,5.8556775,-0.919690833,-0.036640761,-0.110283226,-0.252899947,-1.105062336,0.530098538,-0.214942272,6.108577354,-0.612643003
    2008-08-01,0.493457778,-0.184493333,5.896798889,-0.921231667,-0.036640761,-0.110283226,-0.255953343,-1.106802955,0.530098538,-0.214942272,6.152752232,-0.613469625
    2008-09-01,0.493457778,-0.184493333,5.937920556,-0.922769722,-0.036640761,-0.110283226,-0.25900674,-1.108540842,0.530098538,-0.214942272,6.196927111,-0.614295136
    2008-10-01,0.493457778,-0.184493333,5.979041944,-0.924305556,-0.036640761,-0.110283226,-0.262060137,-1.110276007,0.530098538,-0.214942272,6.241101989,-0.615119538
    2008-11-01,0.493457778,-0.184493333,6.020163611,-0.925838611,-0.036640761,-0.110283226,-0.265113534,-1.112008466,0.530098538,-0.214942272,6.285276867,-0.615942837
    2008-12-01,0.493457778,-0.184493333,6.061285,-0.927369167,-0.036785295,-0.110288545,-0.268178975,-1.113738273,0.530243073,-0.214945,6.32946379,-0.616765117
    2009-01-01,0.462509722,-0.141859444,6.0998275,-0.928273056,-0.199432373,-0.116273414,-0.284798339,-1.114996222,0.661942095,-0.183421942,6.384625631,-0.617677776
    2009-02-01,0.462509722,-0.141859444,6.13837,-0.929175833,-0.199432373,-0.116273414,-0.301417704,-1.116252753,0.661942095,-0.183421942,6.439787472,-0.618589088
    2009-03-01,0.462509722,-0.141859444,6.1769125,-0.930077778,-0.199432373,-0.116273414,-0.318037068,-1.117507872,0.661942095,-0.183421942,6.494949314,-0.61949906
    2009-04-01,0.462509722,-0.141859444,6.215455,-0.930978889,-0.199432373,-0.116273414,-0.334656433,-1.118761582,0.661942095,-0.183421942,6.550111155,-0.620407698
    2009-05-01,0.462509722,-0.141859444,6.253997222,-0.931879167,-0.199432373,-0.116273414,-0.351275797,-1.120013889,0.661942095,-0.183421942,6.605272996,-0.621315006
    2009-06-01,0.462509722,-0.141859444,6.292539722,-0.932778333,-0.199432373,-0.116273414,-0.367895161,-1.121264797,0.661942095,-0.183421942,6.660434837,-0.622220992
    2009-07-01,0.462509722,-0.141859444,6.331082222,-0.933676944,-0.199432373,-0.116273414,-0.384514526,-1.122514312,0.661942095,-0.183421942,6.715596679,-0.62312566
    2009-08-01,0.462509722,-0.141859444,6.369624722,-0.934574722,-0.199432373,-0.116273414,-0.40113389,-1.123762437,0.661942095,-0.183421942,6.77075852,-0.624029017
    2009-09-01,0.462509722,-0.141859444,6.408167222,-0.935471389,-0.199432373,-0.116273414,-0.417753255,-1.125009177,0.661942095,-0.183421942,6.825920361,-0.624931068
    2009-10-01,0.462509722,-0.141859444,6.446709722,-0.936367222,-0.199432373,-0.116273414,-0.434372619,-1.126254537,0.661942095,-0.183421942,6.881082202,-0.625831819
    2009-11-01,0.462509722,-0.141859444,6.485252222,-0.937262222,-0.199432373,-0.116273414,-0.450991984,-1.127498522,0.661942095,-0.183421942,6.936244044,-0.626731275
    2009-12-01,0.462509722,-0.141859444,6.523794722,-0.938156667,-0.199080692,-0.116265889,-0.467582041,-1.128741071,0.661590415,-0.183417172,6.991376578,-0.627629326
    2010-01-01,0.568462222,-0.143671667,6.571166667,-0.939072778,0.196672228,-0.107798629,-0.451192689,-1.129931375,0.371789995,-0.179616515,7.022359078,-0.62840031
    2010-02-01,0.568462222,-0.143671667,6.618538333,-0.939988333,0.196672228,-0.107798629,-0.434803337,-1.131120427,0.371789995,-0.179616515,7.053341577,-0.629170349
    2010-03-01,0.568462222,-0.143671667,6.665910278,-0.940902778,0.196672228,-0.107798629,-0.418413984,-1.13230823,0.371789995,-0.179616515,7.084324077,-0.629939447
    2010-04-01,0.568462222,-0.143671667,6.713282222,-0.941816389,0.196672228,-0.107798629,-0.402024632,-1.133494789,0.371789995,-0.179616515,7.115306576,-0.630707607
    2010-05-01,0.568462222,-0.143671667,6.760653889,-0.942729167,0.196672228,-0.107798629,-0.38563528,-1.134680106,0.371789995,-0.179616515,7.146289076,-0.631474833
    2010-06-01,0.568462222,-0.143671667,6.808025833,-0.943641111,0.196672228,-0.107798629,-0.369245927,-1.135864187,0.371789995,-0.179616515,7.177271576,-0.632241127
    2010-07-01,0.568462222,-0.143671667,6.855397778,-0.944551944,0.196672228,-0.107798629,-0.352856575,-1.137047035,0.371789995,-0.179616515,7.208254075,-0.633006494
    2010-08-01,0.568462222,-0.143671667,6.902769444,-0.945462222,0.196672228,-0.107798629,-0.336467223,-1.138228653,0.371789995,-0.179616515,7.239236575,-0.633770937
    2010-09-01,0.568462222,-0.143671667,6.950141389,-0.946371389,0.196672228,-0.107798629,-0.32007787,-1.139409046,0.371789995,-0.179616515,7.270219074,-0.634534459
    2010-10-01,0.568462222,-0.143671667,6.997513333,-0.947279722,0.196672228,-0.107798629,-0.303688518,-1.140588218,0.371789995,-0.179616515,7.301201574,-0.635297063
    2010-11-01,0.568462222,-0.143671667,7.044885,-0.948187222,0.196672228,-0.107798629,-0.287299166,-1.141766171,0.371789995,-0.179616515,7.332184073,-0.636058753
    2010-12-01,0.568462222,-0.143671667,7.092256944,-0.949093889,0.196542647,-0.107802567,-0.270920612,-1.142942942,0.371919575,-0.179618878,7.363177371,-0.636819587
    2011-01-01,0.514695278,-0.183018333,7.135148333,-0.950563333,0.050723606,-0.112233533,-0.266693645,-1.144622023,0.463971672,-0.214690652,7.401841677,-0.637643226
    2011-02-01,0.514695278,-0.183018333,7.178039444,-0.952030278,0.050723606,-0.112233533,-0.262466678,-1.146298644,0.463971672,-0.214690652,7.440505983,-0.638465802
    2011-03-01,0.514695278,-0.183018333,7.220930833,-0.953495278,0.050723606,-0.112233533,-0.25823971,-1.147972817,0.463971672,-0.214690652,7.479170289,-0.63928732
    2011-04-01,0.514695278,-0.183018333,7.263821944,-0.954957778,0.050723606,-0.112233533,-0.254012743,-1.149644551,0.463971672,-0.214690652,7.517834595,-0.640107784
    2011-05-01,0.514695278,-0.183018333,7.306713333,-0.956418333,0.050723606,-0.112233533,-0.249785776,-1.151313859,0.463971672,-0.214690652,7.556498901,-0.640927197
    2011-06-01,0.514695278,-0.183018333,7.349604722,-0.957876389,0.050723606,-0.112233533,-0.245558809,-1.152980749,0.463971672,-0.214690652,7.595163207,-0.641745564
    2011-07-01,0.514695278,-0.183018333,7.392495833,-0.959332222,0.050723606,-0.112233533,-0.241331842,-1.154645233,0.463971672,-0.214690652,7.633827513,-0.642562889
    2011-08-01,0.514695278,-0.183018333,7.435387222,-0.960786111,0.050723606,-0.112233533,-0.237104875,-1.156307321,0.463971672,-0.214690652,7.672491819,-0.643379176
    2011-09-01,0.514695278,-0.183018333,7.478278333,-0.9622375,0.050723606,-0.112233533,-0.232877908,-1.157967023,0.463971672,-0.214690652,7.711156125,-0.644194428
    2011-10-01,0.514695278,-0.183018333,7.521169722,-0.963686944,0.050723606,-0.112233533,-0.228650941,-1.15962435,0.463971672,-0.214690652,7.749820431,-0.64500865
    2011-11-01,0.514695278,-0.183018333,7.564060833,-0.965133889,0.050723606,-0.112233533,-0.224423973,-1.161279312,0.463971672,-0.214690652,7.788484737,-0.645821845
    2011-12-01,0.514695278,-0.183018333,7.606952222,-0.966578889,0.050895853,-0.112228363,-0.220182652,-1.162931877,0.463799425,-0.21468795,7.827134689,-0.646633943
    2012-01-01,0.590410556,-0.176625278,7.656153056,-0.967922778,0.244729275,-0.106410196,-0.199788546,-1.164454315,0.34568128,-0.206202858,7.855941463,-0.647363152
    2012-02-01,0.590410556,-0.176625278,7.705353889,-0.969265,0.244729275,-0.106410196,-0.17939444,-1.165974765,0.34568128,-0.206202858,7.884748236,-0.64809154
    2012-03-01,0.590410556,-0.176625278,7.754555,-0.970605,0.244729275,-0.106410196,-0.159000333,-1.167493236,0.34568128,-0.206202858,7.913555009,-0.648819111
    2012-04-01,0.590410556,-0.176625278,7.803755833,-0.971943333,0.244729275,-0.106410196,-0.138606227,-1.169009733,0.34568128,-0.206202858,7.942361783,-0.649545866
    2012-05-01,0.590410556,-0.176625278,7.852956667,-0.973279722,0.244729275,-0.106410196,-0.118212121,-1.170524266,0.34568128,-0.206202858,7.971168556,-0.65027181
    2012-06-01,0.590410556,-0.176625278,7.9021575,-0.974614444,0.244729275,-0.106410196,-0.097818015,-1.172036842,0.34568128,-0.206202858,7.999975329,-0.650996944
    2012-07-01,0.590410556,-0.176625278,7.951358333,-0.975947222,0.244729275,-0.106410196,-0.077423908,-1.173547469,0.34568128,-0.206202858,8.028782103,-0.651721271
    2012-08-01,0.590410556,-0.176625278,8.000559444,-0.977278056,0.244729275,-0.106410196,-0.057029802,-1.175056153,0.34568128,-0.206202858,8.057588876,-0.652444794
    2012-09-01,0.590410556,-0.176625278,8.049760278,-0.978607222,0.244729275,-0.106410196,-0.036635696,-1.176562903,0.34568128,-0.206202858,8.08639565,-0.653167516
    2012-10-01,0.590410556,-0.176625278,8.098961111,-0.979934722,0.244729275,-0.106410196,-0.01624159,-1.178067726,0.34568128,-0.206202858,8.115202423,-0.653889438
    2012-11-01,0.590410556,-0.176625278,8.148161944,-0.981260278,0.244729275,-0.106410196,0.004152517,-1.179570629,0.34568128,-0.206202858,8.144009196,-0.654610565
    2012-12-01,0.590410556,-0.176625278,8.197362778,-0.982584167,0.244621611,-0.106413103,0.024537651,-1.181071641,0.345788944,-0.206204358,8.172824942,-0.655330937
    2013-01-01,0.689089167,-0.143281944,8.254786944,-0.983454167,0.123465305,-0.109684796,0.034826426,-1.182219774,0.565623862,-0.1804452,8.219960263,-0.65609542
    2013-02-01,0.689089167,-0.143281944,8.312211111,-0.984323611,0.123465305,-0.109684796,0.045115202,-1.183366793,0.565623862,-0.1804452,8.267095585,-0.656859013
    2013-03-01,0.689089167,-0.143281944,8.369635278,-0.985192222,0.123465305,-0.109684796,0.055403977,-1.184512701,0.565623862,-0.1804452,8.314230907,-0.65762172
    2013-04-01,0.689089167,-0.143281944,8.427059167,-0.986060278,0.123465305,-0.109684796,0.065692753,-1.185657502,0.565623862,-0.1804452,8.361366229,-0.658383543
    2013-05-01,0.689089167,-0.143281944,8.484483333,-0.986927222,0.123465305,-0.109684796,0.075981528,-1.186801198,0.565623862,-0.1804452,8.408501551,-0.659144485
    2013-06-01,0.689089167,-0.143281944,8.5419075,-0.987793611,0.123465305,-0.109684796,0.086270303,-1.187943794,0.565623862,-0.1804452,8.455636873,-0.65990455
    2013-07-01,0.689089167,-0.143281944,8.599331667,-0.988659167,0.123465305,-0.109684796,0.096559079,-1.189085291,0.565623862,-0.1804452,8.502772194,-0.66066374
    2013-08-01,0.689089167,-0.143281944,8.656755556,-0.989524167,0.123465305,-0.109684796,0.106847854,-1.190225694,0.565623862,-0.1804452,8.549907516,-0.66142206
    2013-09-01,0.689089167,-0.143281944,8.714179722,-0.990388056,0.123465305,-0.109684796,0.11713663,-1.191365005,0.565623862,-0.1804452,8.597042838,-0.66217951
    2013-10-01,0.689089167,-0.143281944,8.771603889,-0.991251389,0.123465305,-0.109684796,0.127425405,-1.192503228,0.565623862,-0.1804452,8.64417816,-0.662936095
    2013-11-01,0.689089167,-0.143281944,8.829028056,-0.992114167,0.123465305,-0.109684796,0.13771418,-1.193640365,0.565623862,-0.1804452,8.691313482,-0.663691818
    2013-12-01,0.689089167,-0.143281944,8.886451944,-0.992975833,0.123688447,-0.109681257,0.148021551,-1.194776393,0.56540072,-0.180443049,8.738430208,-0.664446633
    2014-01-01,0.673945,-0.161601111,8.942614167,-0.994071111,0.374794176,-0.105699211,0.179254399,-1.196076042,0.299150824,-0.193099048,8.763359444,-0.665146867
    2014-02-01,0.673945,-0.161601111,8.998776389,-0.995165,0.374794176,-0.105699211,0.210487247,-1.197374281,0.299150824,-0.193099048,8.788288679,-0.665846365
    2014-03-01,0.673945,-0.161601111,9.054938333,-0.996258056,0.374794176,-0.105699211,0.241720095,-1.198671114,0.299150824,-0.193099048,8.813217914,-0.666545129
    2014-04-01,0.673945,-0.161601111,9.111100556,-0.997349444,0.374794176,-0.105699211,0.272952943,-1.199966545,0.299150824,-0.193099048,8.83814715,-0.667243161
    2014-05-01,0.673945,-0.161601111,9.1672625,-0.99844,0.374794176,-0.105699211,0.304185791,-1.201260579,0.299150824,-0.193099048,8.863076385,-0.667940463
    2014-06-01,0.673945,-0.161601111,9.223424722,-0.999529167,0.374794176,-0.105699211,0.335418639,-1.202553221,0.299150824,-0.193099048,8.88800562,-0.668637039
    2014-07-01,0.673945,-0.161601111,9.279586667,-1.000617222,0.374794176,-0.105699211,0.366651487,-1.203844475,0.299150824,-0.193099048,8.912934856,-0.669332889
    2014-08-01,0.673945,-0.161601111,9.335748889,-1.001704167,0.374794176,-0.105699211,0.397884335,-1.205134345,0.299150824,-0.193099048,8.937864091,-0.670028017
    2014-09-01,0.673945,-0.161601111,9.391910833,-1.002789722,0.374794176,-0.105699211,0.429117183,-1.206422837,0.299150824,-0.193099048,8.962793326,-0.670722424
    2014-10-01,0.673945,-0.161601111,9.448073056,-1.003874167,0.374794176,-0.105699211,0.460350031,-1.207709953,0.299150824,-0.193099048,8.987722562,-0.671416113
    2014-11-01,0.673945,-0.161601111,9.504235,-1.0049575,0.374794176,-0.105699211,0.491582879,-1.2089957,0.299150824,-0.193099048,9.012651797,-0.672109087
    2014-12-01,0.673945,-0.161601111,9.560397222,-1.006039722,0.374495965,-0.105705466,0.522790876,-1.210280125,0.299449035,-0.193102472,9.037605883,-0.672801428
    2015-01-01,0.392033333,-0.154027222,9.593066667,-1.007021944,0.038913303,-0.112744819,0.526033651,-1.211533861,0.35312003,-0.190881585,9.067032553,-0.673588186
    2015-02-01,0.392033333,-0.154027222,9.625736111,-1.008003056,0.038913303,-0.112744819,0.529276426,-1.212786301,0.35312003,-0.190881585,9.096459222,-0.674374026
    2015-03-01,0.392033333,-0.154027222,9.658405556,-1.008983333,0.038913303,-0.112744819,0.532519202,-1.214037449,0.35312003,-0.190881585,9.125885891,-0.675158952
    2015-04-01,0.392033333,-0.154027222,9.691075,-1.0099625,0.038913303,-0.112744819,0.535761977,-1.215287308,0.35312003,-0.190881585,9.15531256,-0.675942966
    2015-05-01,0.392033333,-0.154027222,9.723744444,-1.010940833,0.038913303,-0.112744819,0.539004752,-1.216535884,0.35312003,-0.190881585,9.184739229,-0.676726072
    2015-06-01,0.392033333,-0.154027222,9.756413889,-1.011918056,0.038913303,-0.112744819,0.542247527,-1.21778318,0.35312003,-0.190881585,9.214165899,-0.677508272
    2015-07-01,0.389560556,-0.154031111,9.788877222,-1.012894444,0.038913303,-0.112744819,0.545490303,-1.21902924,0.350647253,-0.190884723,9.243386503,-0.678289571
    2015-08-01,0.389560556,-0.154031111,9.821340556,-1.01387,0.038913303,-0.112744819,0.548733078,-1.220274027,0.350647253,-0.190884723,9.272607107,-0.67906997
    2015-09-01,0.389560556,-0.154031111,9.853804167,-1.014844722,0.038913303,-0.112744819,0.551975853,-1.221517547,0.350647253,-0.190884723,9.301827712,-0.679849474
    2015-10-01,0.389560556,-0.154031111,9.8862675,-1.015818333,0.038913303,-0.112744819,0.555218628,-1.222759801,0.350647253,-0.190884723,9.331048316,-0.680628085
    2015-11-01,0.389560556,-0.154031111,9.918730833,-1.016791111,0.038913303,-0.112744819,0.558461404,-1.224000795,0.350647253,-0.190884723,9.36026892,-0.681405807
    2015-12-01,0.389560556,-0.154031111,9.951194167,-1.017762778,0.038462686,-0.112750781,0.561666627,-1.225240578,0.35109787,-0.190888244,9.389527076,-0.682182723
    2016-01-01,0.179116389,-0.160806667,9.966120556,-1.018820833,-0.468625217,-0.119459724,0.522614526,-1.226604497,0.647741606,-0.200323263,9.443505543,-0.683053795
    2016-02-01,0.179116389,-0.160806667,9.981046944,-1.019877778,-0.468625217,-0.119459724,0.483562425,-1.227966901,0.647741606,-0.200323263,9.497484011,-0.683923757
    2016-03-01,0.179116389,-0.160806667,9.995973333,-1.020933889,-0.468625217,-0.119459724,0.444510323,-1.229327795,0.647741606,-0.200323263,9.551462478,-0.684792614
    2016-04-01,0.179116389,-0.160806667,10.01089972,-1.021988611,-0.468625217,-0.119459724,0.405458222,-1.230687184,0.647741606,-0.200323263,9.605440945,-0.68566037
    2016-05-01,0.179116389,-0.160806667,10.02582611,-1.023042222,-0.468625217,-0.119459724,0.36640612,-1.232045073,0.647741606,-0.200323263,9.659419412,-0.68652703
    2016-06-01,0.179116389,-0.160806667,10.0407525,-1.024095,-0.468625217,-0.119459724,0.327354019,-1.233401467,0.647741606,-0.200323263,9.713397879,-0.687392596
    2016-07-01,0.179116389,-0.160806667,10.05567889,-1.025146389,-0.468625217,-0.119459724,0.288301918,-1.234756371,0.647741606,-0.200323263,9.767376346,-0.688257074
    2016-08-01,0.179116389,-0.160806667,10.07060528,-1.026196944,-0.468625217,-0.119459724,0.249249816,-1.236109791,0.647741606,-0.200323263,9.821354813,-0.689120468
    2016-09-01,0.179116389,-0.160806667,10.08553167,-1.027246389,-0.468625217,-0.119459724,0.210197715,-1.23746173,0.647741606,-0.200323263,9.875333281,-0.689982781
    2016-10-01,0.179116389,-0.160806667,10.10045806,-1.028294722,-0.468625217,-0.119459724,0.171145613,-1.238812193,0.647741606,-0.200323263,9.929311748,-0.690844018
    2016-11-01,0.179116389,-0.160806667,10.11538444,-1.029341944,-0.468625217,-0.119459724,0.132093512,-1.240161186,0.647741606,-0.200323263,9.983290215,-0.691704182
    2016-12-01,0.179116389,-0.160806667,10.13031083,-1.030388056,-0.468161299,-0.119452137,0.09308007,-1.241508652,0.647277688,-0.200318739,10.03723002,-0.692563169
    2017-01-01,0.380276111,-0.154534444,10.16200028,-1.031353333,0.053894043,-0.11091405,0.097571241,-1.242722402,0.326382068,-0.190217825,10.06442853,-0.693302895
    2017-02-01,0.380276111,-0.154534444,10.19369,-1.032317778,0.053894043,-0.11091405,0.102062411,-1.243934968,0.326382068,-0.190217825,10.09162703,-0.694041832
    2017-03-01,0.380276111,-0.154534444,10.22537972,-1.033281111,0.053894043,-0.11091405,0.106553581,-1.245146353,0.326382068,-0.190217825,10.11882554,-0.694779983
    2017-04-01,0.380276111,-0.154534444,10.25706944,-1.034243889,0.053894043,-0.11091405,0.111044751,-1.24635656,0.326382068,-0.190217825,10.14602405,-0.695517351
    2017-05-01,0.380276111,-0.154534444,10.28875917,-1.035205278,0.053894043,-0.11091405,0.115535921,-1.247565593,0.326382068,-0.190217825,10.17322255,-0.696253938
    2017-06-01,0.380276111,-0.154534444,10.32044861,-1.036166111,0.053894043,-0.11091405,0.120027092,-1.248773456,0.326382068,-0.190217825,10.20042106,-0.696989747
    2017-07-01,0.380276111,-0.154534444,10.35213833,-1.037126111,0.053894043,-0.11091405,0.124518262,-1.249980152,0.326382068,-0.190217825,10.22761956,-0.697724779
    2017-08-01,0.380276111,-0.154534444,10.38382806,-1.038085,0.053894043,-0.11091405,0.129009432,-1.251185684,0.326382068,-0.190217825,10.25481807,-0.698459038
    2017-09-01,0.380276111,-0.154534444,10.41551778,-1.039043056,0.053894043,-0.11091405,0.133500602,-1.252390055,0.326382068,-0.190217825,10.28201657,-0.699192526
    2017-10-01,0.380276111,-0.154534444,10.4472075,-1.040000278,0.053894043,-0.11091405,0.137991773,-1.25359327,0.326382068,-0.190217825,10.30921508,-0.699925245
    2017-11-01,0.380276111,-0.154534444,10.47889722,-1.040956667,0.053894043,-0.11091405,0.142482943,-1.25479533,0.326382068,-0.190217825,10.33641358,-0.700657198
    2017-12-01,0.380276111,-0.154534444,10.51058667,-1.041911944,0.053990129,-0.110912307,0.14698212,-1.255996228,0.326285982,-0.190216809,10.36360408,-0.701388365
    2018-01-01,0.509248611,-0.140252222,10.55302417,-1.042698333,0.162117852,-0.108950742,0.160491941,-1.257042138,0.347130759,-0.17759772,10.39253165,-0.702093175
    2018-02-01,0.509248611,-0.140252222,10.59546139,-1.043484167,0.162117852,-0.108950742,0.174001762,-1.258087179,0.347130759,-0.17759772,10.42145921,-0.702797279
    2018-03-01,0.509248611,-0.140252222,10.63789889,-1.044269444,0.162117852,-0.108950742,0.187511583,-1.259131352,0.347130759,-0.17759772,10.45038677,-0.703500678
    2018-04-01,0.509248611,-0.140252222,10.68033639,-1.045053889,0.162117852,-0.108950742,0.201021404,-1.26017466,0.347130759,-0.17759772,10.47931434,-0.704203375
    2018-05-01,0.509248611,-0.140252222,10.72277361,-1.045837778,0.162117852,-0.108950742,0.214531225,-1.261217105,0.347130759,-0.17759772,10.5082419,-0.704905371
    2018-06-01,0.509248611,-0.140252222,10.76521111,-1.046621389,0.162117852,-0.108950742,0.228041046,-1.26225869,0.347130759,-0.17759772,10.53716946,-0.705606668
    2018-07-01,0.509248611,-0.140252222,10.80764833,-1.047404167,0.162117852,-0.108950742,0.241550867,-1.263299415,0.347130759,-0.17759772,10.56609703,-0.70630727
    2018-08-01,0.509248611,-0.140252222,10.85008583,-1.048186389,0.162117852,-0.108950742,0.255060688,-1.264339284,0.347130759,-0.17759772,10.59502459,-0.707007177
    2018-09-01,0.509248611,-0.140252222,10.89252306,-1.048968056,0.162117852,-0.108950742,0.268570509,-1.265378298,0.347130759,-0.17759772,10.62395215,-0.707706392
    2018-10-01,0.509248611,-0.140252222,10.93496056,-1.049748889,0.162117852,-0.108950742,0.282080331,-1.26641646,0.347130759,-0.17759772,10.65287972,-0.708404916
    2018-11-01,0.509248611,-0.140252222,10.97739778,-1.050529444,0.162117852,-0.108950742,0.295590152,-1.267453771,0.347130759,-0.17759772,10.68180728,-0.709102753
    2018-12-01,0.509248611,-0.140252222,11.01983528,-1.051309444,0.162066982,-0.108952401,0.309095733,-1.268490246,0.347181629,-0.177598738,10.71073908,-0.709799925
    2019-01-01,0.414739722,-0.156181667,11.05439694,-1.052275556,0.104821777,-0.110819668,0.317830881,-1.269694313,0.309917945,-0.191503817,10.73656558,-0.710520478
    2019-02-01,0.414739722,-0.156181667,11.08895861,-1.053241111,0.104821777,-0.110819668,0.32656603,-1.270897238,0.309917945,-0.191503817,10.76239207,-0.711240301
    2019-03-01,0.414739722,-0.156181667,11.12352028,-1.054205556,0.104821777,-0.110819668,0.335301178,-1.272099027,0.309917945,-0.191503817,10.78821857,-0.711959397
    2019-04-01,0.440721389,-0.142276667,11.16024694,-1.055005556,0.104821777,-0.110819668,0.344036326,-1.273163869,0.335899612,-0.180343142,10.8162102,-0.712677767
    2019-05-01,0.440721389,-0.142276667,11.19697361,-1.055804722,0.104821777,-0.110819668,0.352771474,-1.274227822,0.335899612,-0.180343142,10.84420184,-0.713395413
    2019-06-01,0.440721389,-0.142276667,11.23370056,-1.056603056,0.104821777,-0.110819668,0.361506622,-1.275290887,0.335899612,-0.180343142,10.87219347,-0.714112339
    2019-07-01,0.440721389,-0.142276667,11.27042722,-1.057401111,0.104821777,-0.110819668,0.37024177,-1.276353066,0.335899612,-0.180343142,10.9001851,-0.714828545
    2019-08-01,0.440721389,-0.142276667,11.30715417,-1.058198611,0.104821777,-0.110819668,0.378976918,-1.277414363,0.335899612,-0.180343142,10.92817674,-0.715544035
    2019-09-01,0.440721389,-0.142276667,11.34388083,-1.058995278,0.104821777,-0.110819668,0.387712066,-1.278474778,0.335899612,-0.180343142,10.95616837,-0.71625881
    2019-10-01,0.440721389,-0.142276667,11.3806075,-1.059791389,0.104821777,-0.110819668,0.396447214,-1.279534315,0.335899612,-0.180343142,10.98416001,-0.716972872
    2019-11-01,0.440721389,-0.142276667,11.41733444,-1.060586944,0.104821777,-0.110819668,0.405182363,-1.280592975,0.335899612,-0.180343142,11.01215164,-0.717686224
    2019-12-01,0.440721389,-0.142276667,11.45406111,-1.061381944,0.104412533,-0.110827454,0.413883407,-1.281650816,0.336308856,-0.180347926,11.04017738,-0.718398967
    2020-01-01,0.305341111,-0.138588889,11.47950611,-1.062135556,-0.356118435,-0.119588682,0.384206871,-1.282739715,0.661459546,-0.183052815,11.09529901,-0.719227964
    2020-02-01,0.305341111,-0.138588889,11.50495139,-1.062888889,-0.356118435,-0.119588682,0.354530334,-1.28382769,0.661459546,-0.183052815,11.15042064,-0.720056006
    2020-03-01,0.305341111,-0.138588889,11.53039639,-1.063641667,-0.356118435,-0.119588682,0.324853798,-1.284914744,0.661459546,-0.183052815,11.20554227,-0.720883097
    2020-04-01,0.305341111,-0.138588889,11.55584139,-1.064393611,-0.356118435,-0.119588682,0.295177262,-1.286000879,0.661459546,-0.183052815,11.2606639,-0.72170924
    2020-05-01,0.305341111,-0.138588889,11.58128667,-1.065145278,-0.356118435,-0.119588682,0.265500726,-1.287086097,0.661459546,-0.183052815,11.31578552,-0.722534439
    2020-06-01,0.305341111,-0.138588889,11.60673167,-1.065896389,-0.356118435,-0.119588682,0.235824189,-1.288170401,0.661459546,-0.183052815,11.37090715,-0.723358696
    2020-07-01,0.305341111,-0.138588889,11.63217667,-1.066646944,-0.356118435,-0.119588682,0.206147653,-1.289253793,0.661459546,-0.183052815,11.42602878,-0.724182015
    2020-08-01,0.305341111,-0.138588889,11.65762194,-1.067396944,-0.356118435,-0.119588682,0.176471117,-1.290336276,0.661459546,-0.183052815,11.48115041,-0.725004399
    2020-09-01,0.305341111,-0.138588889,11.68306694,-1.068146389,-0.356118435,-0.119588682,0.14679458,-1.291417851,0.661459546,-0.183052815,11.53627204,-0.725825851
    2020-10-01,0.3072475,-0.137117778,11.70867083,-1.068879444,-0.356118435,-0.119588682,0.117118044,-1.292485446,0.663365935,-0.181941578,11.59155253,-0.726646375
    2020-11-01,0.3072475,-0.137117778,11.734275,-1.069612222,-0.356118435,-0.119588682,0.087441508,-1.293552159,0.663365935,-0.181941578,11.64683303,-0.727465973
    2020-12-01,0.3072475,-0.137117778,11.75987889,-1.070344444,-0.355990326,-0.119590121,0.057775647,-1.294618005,0.663237826,-0.181942524,11.70210285,-0.728284668
    2021-01-01,0.539286389,-0.376030556,11.80481944,-1.075834722,-0.211825901,-0.12120906,0.040123489,-1.299631998,0.751112289,-0.395083048,11.76469554,-0.729124723
    2021-02-01,0.539286389,-0.376030556,11.84976,-1.081297222,-0.211825901,-0.12120906,0.022471331,-1.304626721,0.751112289,-0.395083048,11.82728823,-0.72996381
    2021-03-01,0.539286389,-0.376030556,11.89470056,-1.086732222,-0.211825901,-0.12120906,0.004819172,-1.309602395,0.751112289,-0.395083048,11.88988092,-0.730801934
    2021-04-01,0.539286389,-0.376030556,11.93964083,-1.09214,-0.211825901,-0.12120906,-0.012832986,-1.314559236,0.751112289,-0.395083048,11.95247361,-0.731639098
    2021-05-01,0.539286389,-0.376030556,11.98458139,-1.097521389,-0.211825901,-0.12120906,-0.030485144,-1.319497456,0.751112289,-0.395083048,12.0150663,-0.732475306
    2021-06-01,0.539286389,-0.376030556,12.02952194,-1.102876389,-0.211825901,-0.12120906,-0.048137303,-1.324417264,0.751112289,-0.395083048,12.07765899,-0.733310559
    2021-07-01,0.539286389,-0.376030556,12.0744625,-1.108205556,-0.211825901,-0.12120906,-0.065789461,-1.329318864,0.751112289,-0.395083048,12.14025168,-0.734144863
    2021-08-01,0.539286389,-0.376030556,12.11940306,-1.113509444,-0.211825901,-0.12120906,-0.08344162,-1.334202456,0.751112289,-0.395083048,12.20284437,-0.734978219
    2021-09-01,0.539286389,-0.376030556,12.16434361,-1.118787778,-0.211825901,-0.12120906,-0.101093778,-1.339068237,0.751112289,-0.395083048,12.26543707,-0.735810632
    2021-10-01,0.539286389,-0.376030556,12.20928417,-1.124041667,-0.211825901,-0.12120906,-0.118745936,-1.343916402,0.751112289,-0.395083048,12.32802976,-0.736642104
    2021-11-01,0.539286389,-0.376030556,12.25422472,-1.129270833,-0.211825901,-0.12120906,-0.136398095,-1.34874714,0.751112289,-0.395083048,12.39062245,-0.737472638
    2021-12-01,0.542366944,-0.417244722,12.29942194,-1.135676111,-0.211825901,-0.12120906,-0.154050253,-1.354566689,0.754192845,-0.434493722,12.45347185,-0.738302238