Date,Mass balance (Gt/yr),Mass balance uncertainty (Gt/yr),Cumulative mass balance anomaly (Gt),Cumulative mass balance anomaly uncertainty (Gt),Surface mass balance anomaly (Gt/yr),Surface mass balance anomaly uncertainty (Gt/yr),Cumulative surface mass balance anomaly (Gt),Cumulative surface mass balance anomaly uncertainty (Gt),Dynamics mass balance anomaly (Gt/yr),Dynamics mass balance anomaly uncertainty (Gt/yr),Cumulative dynamics mass balance anomaly (Gt),Cumulative dynamics mass balance anomaly uncertainty (Gt)
01/01/1979,-16.4558,28.1823,-1.3713,8.1355,-75.53942871,3.975487709,-6.294952393,1.14762447,59.08362871,28.46131648,4.923635726,8.216074513
01/02/1979,-16.4558,28.1823,-2.7426,11.5054,-75.53942871,3.975487709,-12.58990479,1.62298609,59.08362871,28.46131648,9.847271452,11.61928401
01/03/1979,-16.4558,28.1823,-4.114,14.0912,-75.53942871,3.975487709,-18.88485718,1.98774389,59.08362871,28.46131648,14.77090718,14.2306585
01/04/1979,-16.4558,28.1823,-5.4853,16.2711,-75.53942871,3.975487709,-25.17980957,2.29524894,59.08362871,28.46131648,19.6945429,16.43214903
01/05/1979,-16.4558,28.1823,-6.8566,18.1916,-75.53942871,3.975487709,-31.47476196,2.566166328,59.08362871,28.46131648,24.61817863,18.37170112
01/06/1979,-16.4558,28.1823,-8.2279,19.9279,-75.53942871,3.975487709,-37.76971436,2.811094368,59.08362871,28.46131648,29.54181436,20.12519025
01/07/1979,-16.4558,28.1823,-9.5992,21.5246,-75.53942871,3.975487709,-44.06466675,3.036328946,59.08362871,28.46131648,34.46545008,21.73768992
01/08/1979,-16.4558,28.1823,-10.9705,23.0108,-75.53942871,3.975487709,-50.35961914,3.24597218,59.08362871,28.46131648,39.38908581,23.23856801
01/09/1979,-16.4558,28.1823,-12.3419,24.4066,-75.53942871,3.975487709,-56.65457153,3.44287341,59.08362871,28.46131648,44.31272153,24.64822354
01/10/1979,-16.4558,28.1823,-13.7132,25.7268,-75.53942871,3.975487709,-62.94952393,3.629107224,59.08362871,28.46131648,49.23635726,25.98150889
01/11/1979,-16.4558,28.1823,-15.0845,26.9825,-75.53942871,3.975487709,-69.24447632,3.806239768,59.08362871,28.46131648,54.15999299,27.24963641
01/12/1979,-16.4558,28.1823,-16.4558,28.1823,-75.53942871,3.975487709,-75.53942871,3.97548778,59.08362871,28.46131648,59.08362871,28.46131699
01/01/1980,-57.9023,13.5346,-21.281,28.4519,-75.53942871,3.975487709,-81.8343811,4.137818872,17.63712871,14.10637798,60.55338944,28.75115749
01/02/1980,-57.9023,13.5346,-26.1062,28.7189,-75.53942871,3.975487709,-88.1293335,4.294017576,17.63712871,14.10637798,62.02315016,29.03810513
01/03/1980,-57.9023,13.5346,-30.9314,28.9834,-75.53942871,3.975487709,-94.42428589,4.44473046,17.63712871,14.10637798,63.49291089,29.32224483
01/04/1980,-57.9023,13.5346,-35.7566,29.2456,-75.53942871,3.975487709,-100.7192383,4.59049788,17.63712871,14.10637798,64.96267161,29.60365744
01/05/1980,-57.9023,13.5346,-40.5818,29.5054,-75.53942871,3.975487709,-107.0141907,4.731776909,17.63712871,14.10637798,66.43243234,29.88242002
01/06/1980,-57.9023,13.5346,-45.407,29.763,-75.53942871,3.975487709,-113.3091431,4.86895827,17.63712871,14.10637798,67.90219307,30.15860604
01/07/1980,-57.9023,13.5346,-50.2322,30.0183,-75.53942871,3.975487709,-119.6040955,5.00237909,17.63712871,14.10637798,69.37195379,30.43228566
01/08/1980,-57.9023,13.5346,-55.0574,30.2715,-75.53942871,3.975487709,-125.8990479,5.132332656,17.63712871,14.10637798,70.84171452,30.7035259
01/09/1980,-57.9023,13.5346,-59.8825,30.5226,-75.53942871,3.975487709,-132.1940002,5.259076004,17.63712871,14.10637798,72.31147524,30.97239085
01/10/1980,-57.9023,13.5346,-64.7077,30.7717,-75.53942871,3.975487709,-138.4889526,5.382835901,17.63712871,14.10637798,73.78123597,31.23894184
01/11/1980,-57.9023,13.5346,-69.5329,31.0188,-75.53942871,3.975487709,-144.783905,5.503813611,17.63712871,14.10637798,75.2509967,31.5032376
01/12/1980,-57.9023,13.5346,-74.3581,31.2639,-75.47587618,3.976862281,-151.0735614,5.622269747,17.57357618,14.10676543,76.71546138,31.76534877
01/01/1981,-29.6808,12.0027,-76.8315,31.4553,-3.958984375,5.523694515,-151.4034767,5.844015511,-25.72181563,13.21272146,74.57197674,31.99352097
01/02/1981,-29.6808,12.0027,-79.3049,31.6455,-3.958984375,5.523694515,-151.7333921,6.057649501,-25.72181563,13.21272146,72.42849211,32.22007736
01/03/1981,-29.6808,12.0027,-81.7783,31.8346,-3.958984375,5.523694515,-152.0633075,6.264001729,-25.72181563,13.21272146,70.28500747,32.4450518
01/04/1981,-29.6808,12.0027,-84.2517,32.0227,-3.958984375,5.523694515,-152.3932228,6.463769631,-25.72181563,13.21272146,68.14152284,32.66847697
01/05/1981,-29.6808,12.0027,-86.7251,32.2096,-3.958984375,5.523694515,-152.7231382,6.657545946,-25.72181563,13.21272146,65.9980382,32.89038444
01/06/1981,-29.6808,12.0027,-89.1985,32.3954,-3.958984375,5.523694515,-153.0530536,6.845839481,-25.72181563,13.21272146,63.85455356,33.11080473
01/07/1981,-29.6808,12.0027,-91.6719,32.5802,-3.958984375,5.523694515,-153.3829689,7.029090865,-25.72181563,13.21272146,61.71106893,33.32976734
01/08/1981,-29.6808,12.0027,-94.1453,32.7639,-3.958984375,5.523694515,-153.7128843,7.207684689,-25.72181563,13.21272146,59.56758429,33.54730082
01/09/1981,-29.6808,12.0027,-96.6187,32.9466,-3.958984375,5.523694515,-154.0427997,7.381959005,-25.72181563,13.21272146,57.42409966,33.76343279
01/10/1981,-29.6808,12.0027,-99.0921,33.1283,-3.958984375,5.523694515,-154.372715,7.55221285,-25.72181563,13.21272146,55.28061502,33.97818999
01/11/1981,-29.6808,12.0027,-101.5656,33.309,-3.958984375,5.523694515,-154.7026304,7.718712271,-25.72181563,13.21272146,53.13713039,34.19159833
01/12/1981,-29.6808,12.0027,-104.039,33.4887,-3.931287701,5.524339965,-155.0302377,7.881732902,-25.7495123,13.21299131,50.9913377,34.40369154
01/01/1982,5.3997,11.6926,-103.589,33.6584,27.23631287,6.250677109,-152.760545,8.085643286,-21.83661287,13.25850139,49.17161996,34.61593535
01/02/1982,5.3997,11.6926,-103.139,33.8272,27.23631287,6.250677109,-150.4908522,8.284536267,-21.83661287,13.25850139,47.35190222,34.82688572
01/03/1982,5.3997,11.6926,-102.689,33.9952,27.23631287,6.250677109,-148.2211595,8.478764944,-21.83661287,13.25850139,45.53218448,35.03656601
01/04/1982,5.3997,11.6926,-102.239,34.1623,27.23631287,6.250677109,-145.9514667,8.668642846,-21.83661287,13.25850139,43.71246674,35.24499889
01/05/1982,5.3997,11.6926,-101.7891,34.3287,27.23631287,6.250677109,-143.681774,8.854449875,-21.83661287,13.25850139,41.892749,35.45220636
01/06/1982,5.3997,11.6926,-101.3391,34.4942,27.23631287,6.250677109,-141.4120813,9.036437152,-21.83661287,13.25850139,40.07303126,35.65820977
01/07/1982,5.3997,11.6926,-100.8891,34.659,27.23631287,6.250677109,-139.1423885,9.214830992,-21.83661287,13.25850139,38.25331352,35.86302989
01/08/1982,5.3997,11.6926,-100.4391,34.8229,27.23631287,6.250677109,-136.8726958,9.389836209,-21.83661287,13.25850139,36.43359579,36.06668687
01/09/1982,5.3997,11.6926,-99.9891,34.9861,27.23631287,6.250677109,-134.603003,9.561638868,-21.83661287,13.25850139,34.61387805,36.2692003
01/10/1982,5.3997,11.6926,-99.5392,35.1486,27.23631287,6.250677109,-132.3333103,9.730408606,-21.83661287,13.25850139,32.79416031,36.47058924
01/11/1982,5.3997,11.6926,-99.0892,35.3103,27.23631287,6.250677109,-130.0636176,9.896300594,-21.83661287,13.25850139,30.97444257,36.6708722
01/12/1982,5.3997,11.6926,-98.6392,35.4712,27.23615574,6.250331554,-127.7939379,10.05943931,-21.83645574,13.25833848,29.15473792,36.87006234
01/01/1983,17.2985,11.6678,-97.1977,35.6308,27.05934143,5.86147213,-125.5389928,10.20075442,-9.760841431,13.05735089,28.34133447,37.06223638
01/02/1983,17.2985,11.6678,-95.7561,35.7896,27.05934143,5.86147213,-123.2840477,10.3401384,-9.760841431,13.05735089,27.52793102,37.25341908
01/03/1983,17.2985,11.6678,-94.3146,35.9478,27.05934143,5.86147213,-121.0291026,10.47766832,-9.760841431,13.05735089,26.71452757,37.44362565
01/04/1983,17.2985,11.6678,-92.873,36.1052,27.05934143,5.86147213,-118.7741574,10.61341627,-9.760841431,13.05735089,25.90112411,37.63287087
01/05/1983,17.2985,11.6678,-91.4315,36.262,27.05934143,5.86147213,-116.5192123,10.74744976,-9.760841431,13.05735089,25.08772066,37.82116918
01/06/1983,17.2985,11.6678,-89.99,36.4181,27.05934143,5.86147213,-114.2642672,10.87983215,-9.760841431,13.05735089,24.27431721,38.00853465
01/07/1983,17.2985,11.6678,-88.5484,36.5735,27.05934143,5.86147213,-112.0093221,11.01062301,-9.760841431,13.05735089,23.46091376,38.19498101
01/08/1983,17.2985,11.6678,-87.1069,36.7283,27.05934143,5.86147213,-109.754377,11.13987839,-9.760841431,13.05735089,22.6475103,38.38052166
01/09/1983,17.2985,11.6678,-85.6653,36.8824,27.05934143,5.86147213,-107.4994319,11.26765112,-9.760841431,13.05735089,21.83410685,38.56516966
01/10/1983,17.2985,11.6678,-84.2238,37.0359,27.05934143,5.86147213,-105.2444867,11.3939911,-9.760841431,13.05735089,21.0207034,38.74893778
01/11/1983,17.2985,11.6678,-82.7823,37.1887,27.05934143,5.86147213,-102.9895416,11.51894547,-9.760841431,13.05735089,20.20729995,38.93183848
01/12/1983,17.2985,11.6678,-81.3407,37.341,27.04663763,5.861464191,-100.7356551,11.64255849,-9.748137632,13.05734733,19.39495514,39.11388382
01/01/1984,15.8992,11.7531,-80.0158,37.4948,12.75080872,5.852530479,-99.67308775,11.76450216,3.148391284,13.12964099,19.65732108,39.29709316
01/02/1984,15.8992,11.7531,-78.6908,37.648,12.75080872,5.852530479,-98.61052036,11.88519474,3.148391284,13.12964099,19.91968702,39.4794523
01/03/1984,15.8992,11.7531,-77.3659,37.8005,12.75080872,5.852530479,-97.54795296,12.00467396,3.148391284,13.12964099,20.18205296,39.66097298
01/04/1984,15.8992,11.7531,-76.041,37.9525,12.75080872,5.852530479,-96.48538557,12.1229757,3.148391284,13.12964099,20.4444189,39.84166664
01/05/1984,15.8992,11.7531,-74.716,38.1038,12.75080872,5.852530479,-95.42281818,12.24013409,3.148391284,13.12964099,20.70678484,40.0215445
01/06/1984,15.8992,11.7531,-73.3911,38.2546,12.75080872,5.852530479,-94.36025078,12.35618167,3.148391284,13.12964099,20.96915078,40.2006175
01/07/1984,15.8992,11.7531,-72.0662,38.4048,12.75080872,5.852530479,-93.29768339,12.47114944,3.148391284,13.12964099,21.23151673,40.37889635
01/08/1984,15.8992,11.7531,-70.7412,38.5543,12.75080872,5.852530479,-92.235116,12.58506699,3.148391284,13.12964099,21.49388267,40.55639153
01/09/1984,15.8992,11.7531,-69.4163,38.7033,12.75080872,5.852530479,-91.17254861,12.69796259,3.148391284,13.12964099,21.75624861,40.73311327
01/10/1984,15.8992,11.7531,-68.0914,38.8518,12.75080872,5.852530479,-90.10998121,12.80986326,3.148391284,13.12964099,22.01861455,40.90907161
01/11/1984,15.8992,11.7531,-66.7664,38.9996,12.75080872,5.852530479,-89.04741382,12.92079485,3.148391284,13.12964099,22.28098049,41.08427635
01/12/1984,15.8992,11.7531,-65.4415,39.1469,12.75987683,5.852477724,-87.98409075,13.03078014,3.139323169,13.12961748,22.54259075,41.25873647
01/01/1985,-3.6342,11.9807,-65.7444,39.2994,22.96440125,5.793110847,-86.07039065,13.13765234,-26.59860125,13.30779117,20.32604065,41.4371988
01/02/1985,-3.6342,11.9807,-66.0472,39.4513,22.96440125,5.793110847,-84.15669054,13.24366214,-26.59860125,13.30779117,18.10949054,41.61489582
01/03/1985,-3.6342,11.9807,-66.3501,39.6026,22.96440125,5.793110847,-82.24299044,13.34883009,-26.59860125,13.30779117,15.89294044,41.79183728
01/04/1985,-3.6342,11.9807,-66.6529,39.7533,22.96440125,5.793110847,-80.32929034,13.45317593,-26.59860125,13.30779117,13.67639034,41.96803274
01/05/1985,-3.6342,11.9807,-66.9558,39.9035,22.96440125,5.793110847,-78.41559023,13.55671865,-26.59860125,13.30779117,11.45984023,42.14349157
01/06/1985,-3.6342,11.9807,-67.2586,40.0531,22.96440125,5.793110847,-76.50189013,13.6594765,-26.59860125,13.30779117,9.243290128,42.31822292
01/07/1985,-3.6342,11.9807,-67.5615,40.2021,22.96440125,5.793110847,-74.58819002,13.76146708,-26.59860125,13.30779117,7.026740024,42.49223577
01/08/1985,-3.6342,11.9807,-67.8643,40.3506,22.96440125,5.793110847,-72.67448992,13.86270731,-26.59860125,13.30779117,4.810189921,42.6655389
01/09/1985,-3.6342,11.9807,-68.1672,40.4986,22.96440125,5.793110847,-70.76078982,13.96321353,-26.59860125,13.30779117,2.593639817,42.83814094
01/10/1985,-3.6342,11.9807,-68.47,40.646,22.96440125,5.793110847,-68.84708971,14.06300145,-26.59860125,13.30779117,0.377089713,43.01005032
01/11/1985,-3.6342,11.9807,-68.7729,40.7929,22.96440125,5.793110847,-66.93338961,14.16208628,-26.59860125,13.30779117,-1.839460391,43.18127531
01/12/1985,-3.6342,11.9807,-69.0757,40.9392,22.90658409,5.791939045,-65.0245076,14.26044299,-26.54078409,13.3072811,-4.051192398,43.35181099
01/01/1986,-29.6131,11.863,-71.5435,41.0822,-42.15617371,4.473287106,-68.53752208,14.31879042,12.54307371,12.67837003,-3.005936256,43.50602953
01/02/1986,-29.6131,11.863,-74.0112,41.2247,-42.15617371,4.473287106,-72.05053655,14.37690106,12.54307371,12.67837003,-1.960680114,43.65970333
01/03/1986,-29.6131,11.863,-76.479,41.3667,-42.15617371,4.473287106,-75.56355103,14.43477776,12.54307371,12.67837003,-0.915423972,43.81283812
01/04/1986,-29.6131,11.863,-78.9468,41.5082,-42.15617371,4.473287106,-79.0765655,14.49242332,12.54307371,12.67837003,0.12983217,43.96543953
01/05/1986,-29.6131,11.863,-81.4145,41.6492,-42.15617371,4.473287106,-82.58957998,14.5498405,12.54307371,12.67837003,1.175088313,44.11751311
01/06/1986,-29.6131,11.863,-83.8823,41.7898,-42.15617371,4.473287106,-86.10259445,14.60703199,12.54307371,12.67837003,2.220344455,44.26906428
01/07/1986,-29.6131,11.863,-86.35,41.9298,-42.15617371,4.473287106,-89.61560893,14.66400042,12.54307371,12.67837003,3.265600597,44.42009839
01/08/1986,-29.6131,11.863,-88.8178,42.0694,-42.15617371,4.473287106,-93.12862341,14.72074839,12.54307371,12.67837003,4.310856739,44.57062071
01/09/1986,-29.6131,11.863,-91.2856,42.2086,-42.15617371,4.473287106,-96.64163788,14.77727844,12.54307371,12.67837003,5.356112881,44.7206364
01/10/1986,-29.6131,11.863,-93.7533,42.3473,-42.15617371,4.473287106,-100.1546524,14.83359305,12.54307371,12.67837003,6.401369024,44.87015054
01/11/1986,-29.6131,11.863,-96.2211,42.4855,-42.15617371,4.473287106,-103.6676668,14.88969468,12.54307371,12.67837003,7.446625166,45.01916813
01/12/1986,-29.6131,11.863,-98.6888,42.6233,-42.13339003,4.473753424,-107.1787827,14.94559735,12.52029003,12.67853456,8.489982668,45.16769793
01/01/1987,-33.8912,11.4954,-101.5131,42.7523,-16.49447632,4.998510361,-108.5533224,15.01509149,-17.39672368,12.53512373,7.040255694,45.31241603
01/02/1987,-33.8912,11.4954,-104.3374,42.8809,-16.49447632,4.998510361,-109.9278621,15.08426547,-17.39672368,12.53512373,5.590528721,45.45667342
01/03/1987,-33.8912,11.4954,-107.1616,43.0091,-16.49447632,4.998510361,-111.3024017,15.15312367,-17.39672368,12.53512373,4.140801747,45.60047444
01/04/1987,-33.8912,11.4954,-109.9859,43.137,-16.49447632,4.998510361,-112.6769414,15.22167038,-17.39672368,12.53512373,2.691074774,45.74382341
01/05/1987,-33.8912,11.4954,-112.8102,43.2644,-16.49447632,4.998510361,-114.0514811,15.28990979,-17.39672368,12.53512373,1.241347801,45.88672456
01/06/1987,-33.8912,11.4954,-115.6344,43.3915,-16.49447632,4.998510361,-115.4260208,15.35784599,-17.39672368,12.53512373,-0.208379173,46.02918207
01/07/1987,-33.8912,11.4954,-118.4587,43.5182,-16.49447632,4.998510361,-116.8005605,15.425483,-17.39672368,12.53512373,-1.658106146,46.17120004
01/08/1987,-33.8912,11.4954,-121.2829,43.6445,-16.49447632,4.998510361,-118.1751002,15.49282473,-17.39672368,12.53512373,-3.10783312,46.31278252
01/09/1987,-33.8912,11.4954,-124.1072,43.7705,-16.49447632,4.998510361,-119.5496399,15.55987501,-17.39672368,12.53512373,-4.557560093,46.45393348
01/10/1987,-33.8912,11.4954,-126.9315,43.8961,-16.49447632,4.998510361,-120.9241796,15.62663759,-17.39672368,12.53512373,-6.007287067,46.59465684
01/11/1987,-33.8912,11.4954,-129.7557,44.0214,-16.49447632,4.998510361,-122.2987193,15.69311616,-17.39672368,12.53512373,-7.45701404,46.73495648
01/12/1987,-33.8912,11.4954,-132.58,44.1463,-16.49545254,4.998546018,-123.6733403,15.75931523,-17.39574746,12.53513795,-8.906659662,46.87483651
01/01/1988,-7.3703,12.1433,-133.1942,44.2852,-17.5940094,5.038671494,-125.1395078,15.82629776,10.2237094,13.14716492,-8.054683879,47.02822869
01/02/1988,-7.3703,12.1433,-133.8084,44.4237,-17.5940094,5.038671494,-126.6056752,15.89299799,10.2237094,13.14716492,-7.202708096,47.18112218
01/03/1988,-7.3703,12.1433,-134.4226,44.5618,-17.5940094,5.038671494,-128.0718427,15.95941946,10.2237094,13.14716492,-6.350732312,47.3335218
01/04/1988,-7.3703,12.1433,-135.0368,44.6995,-17.5940094,5.038671494,-129.5380101,16.02556563,10.2237094,13.14716492,-5.498756529,47.48543231
01/05/1988,-7.3703,12.1433,-135.651,44.8368,-17.5940094,5.038671494,-131.0041776,16.0914399,10.2237094,13.14716492,-4.646780746,47.6368584
01/06/1988,-7.3703,12.1433,-136.2652,44.9736,-17.5940094,5.038671494,-132.470345,16.15704559,10.2237094,13.14716492,-3.794804963,47.78780466
01/07/1988,-7.3703,12.1433,-136.8793,45.11,-17.5940094,5.038671494,-133.9365125,16.22238597,10.2237094,13.14716492,-2.942829179,47.93827563
01/08/1988,-7.3703,12.1433,-137.4935,45.246,-17.5940094,5.038671494,-135.4026799,16.28746422,10.2237094,13.14716492,-2.090853396,48.08827576
01/09/1988,-7.3703,12.1433,-138.1077,45.3816,-17.5940094,5.038671494,-136.8688474,16.35228348,10.2237094,13.14716492,-1.238877613,48.23780946
01/10/1988,-7.3703,12.1433,-138.7219,45.5168,-17.5940094,5.038671494,-138.3350148,16.41684682,10.2237094,13.14716492,-0.386901829,48.38688105
01/11/1988,-7.3703,12.1433,-139.3361,45.6516,-17.5940094,5.038671494,-139.8011823,16.48115723,10.2237094,13.14716492,0.465073954,48.53549478
01/12/1988,-7.3703,12.1433,-139.9503,45.7859,-17.52525433,5.040235168,-141.2616201,16.54525737,10.15495433,13.14776428,1.311320148,48.68366834
01/01/1989,5.9857,12.3772,-139.4515,45.9252,59.84614563,6.799868584,-136.2744413,16.66129424,-53.86044563,14.12208528,-3.177050321,48.85405822
01/02/1989,5.9857,12.3772,-138.9527,46.0639,59.84614563,6.799868584,-131.2872625,16.77652856,-53.86044563,14.12208528,-7.66542079,49.02385589
01/03/1989,5.9857,12.3772,-138.4539,46.2023,59.84614563,6.799868584,-126.3000837,16.89097673,-53.86044563,14.12208528,-12.15379126,49.19306748
01/04/1989,5.9857,12.3772,-137.9551,46.3402,59.84614563,6.799868584,-121.3129049,17.00465464,-53.86044563,14.12208528,-16.64216173,49.36169901
01/05/1989,5.9857,12.3772,-137.4563,46.4778,59.84614563,6.799868584,-116.3257261,17.11757763,-53.86044563,14.12208528,-21.1305322,49.52975642
01/06/1989,5.9857,12.3772,-136.9575,46.6149,59.84614563,6.799868584,-111.3385473,17.22976055,-53.86044563,14.12208528,-25.61890267,49.69724553
01/07/1989,5.9857,12.3772,-136.4587,46.7517,59.84614563,6.799868584,-106.3513685,17.34121775,-53.86044563,14.12208528,-30.10727314,49.86417205
01/08/1989,5.9857,12.3772,-135.9599,46.888,59.84614563,6.799868584,-101.3641897,17.45196314,-53.86044563,14.12208528,-34.5956436,50.03054163
01/09/1989,5.9857,12.3772,-135.461,47.0239,59.84614563,6.799868584,-96.37701093,17.5620102,-53.86044563,14.12208528,-39.08401407,50.19635981
01/10/1989,5.9857,12.3772,-134.9622,47.1595,59.84614563,6.799868584,-91.38983212,17.67137195,-53.86044563,14.12208528,-43.57238454,50.36163202
01/11/1989,5.9857,12.3772,-134.4634,47.2946,59.84614563,6.799868584,-86.40265332,17.78006106,-53.86044563,14.12208528,-48.06075501,50.52636363
01/12/1989,5.9857,12.3772,-133.9646,47.4294,59.76753218,6.798067685,-81.42202564,17.88803273,-53.78183218,14.12121822,-52.54257436,50.69053977
01/01/1990,-23.131,12.6224,-135.8922,47.5692,-28.69769287,4.771481514,-83.81350004,17.94098571,5.566692871,13.49414753,-52.07868329,50.83999565
01/02/1990,-23.131,12.6224,-137.8198,47.7085,-28.69769287,4.771481514,-86.20497445,17.99378285,5.566692871,13.49414753,-51.61479222,50.98901345
01/03/1990,-23.131,12.6224,-139.7474,47.8475,-28.69769287,4.771481514,-88.59644886,18.04642552,5.566692871,13.49414753,-51.15090114,51.13759701
01/04/1990,-23.131,12.6224,-141.675,47.986,-28.69769287,4.771481514,-90.98792326,18.09891508,5.566692871,13.49414753,-50.68701007,51.2857501
01/05/1990,-23.131,12.6224,-143.6025,48.1241,-28.69769287,4.771481514,-93.37939767,18.15125286,5.566692871,13.49414753,-50.223119,51.43347644
01/06/1990,-23.131,12.6224,-145.5301,48.2619,-28.69769287,4.771481514,-95.77087207,18.20344015,5.566692871,13.49414753,-49.75922793,51.5807797
01/07/1990,-23.131,12.6224,-147.4577,48.3992,-28.69769287,4.771481514,-98.16234648,18.25547826,5.566692871,13.49414753,-49.29533685,51.72766348
01/08/1990,-23.131,12.6224,-149.3853,48.5362,-28.69769287,4.771481514,-100.5538209,18.30736845,5.566692871,13.49414753,-48.83144578,51.87413136
01/09/1990,-23.131,12.6224,-151.3129,48.6728,-28.69769287,4.771481514,-102.9452953,18.35911198,5.566692871,13.49414753,-48.36755471,52.02018685
01/10/1990,-23.131,12.6224,-153.2405,48.809,-28.69769287,4.771481514,-105.3367697,18.41071008,5.566692871,13.49414753,-47.90366364,52.16583341
01/11/1990,-23.131,12.6224,-155.168,48.9448,-28.69769287,4.771481514,-107.7282441,18.46216397,5.566692871,13.49414753,-47.43977256,52.31107446
01/12/1990,-23.131,12.6224,-157.0956,49.0803,-28.69523039,4.771471642,-110.1195133,18.51347466,5.564230386,13.49414404,-46.9760867,52.45591328
01/01/1991,-42.095,11.5691,-160.6036,49.1938,-25.92414856,4.760362625,-112.279859,18.56440586,-16.17085144,12.51020092,-48.32365765,52.58008114
01/02/1991,-42.095,11.5691,-164.1115,49.307,-25.92414856,4.760362625,-114.4402047,18.61519772,-16.17085144,12.51020092,-49.6712286,52.70395647
01/03/1991,-42.095,11.5691,-167.6194,49.42,-25.92414856,4.760362625,-116.6005504,18.66585136,-16.17085144,12.51020092,-51.01879956,52.82754132
01/04/1991,-42.095,11.5691,-171.1273,49.5327,-25.92414856,4.760362625,-118.7608962,18.71636792,-16.17085144,12.51020092,-52.36637051,52.95083773
01/05/1991,-42.095,11.5691,-174.6352,49.6451,-25.92414856,4.760362625,-120.9212419,18.7667485,-16.17085144,12.51020092,-53.71394146,53.07384771
01/06/1991,-42.095,11.5691,-178.1432,49.7573,-25.92414856,4.760362625,-123.0815876,18.81699419,-16.17085144,12.51020092,-55.06151242,53.19657324
01/07/1991,-42.095,11.5691,-181.6511,49.8693,-25.92414856,4.760362625,-125.2419333,18.86710607,-16.17085144,12.51020092,-56.40908337,53.3190163
01/08/1991,-42.095,11.5691,-185.159,49.981,-25.92414856,4.760362625,-127.402279,18.9170852,-16.17085144,12.51020092,-57.75665432,53.44117882
01/09/1991,-42.095,11.5691,-188.6669,50.0925,-25.92414856,4.760362625,-129.5626247,18.96693264,-16.17085144,12.51020092,-59.10422528,53.56306272
01/10/1991,-42.095,11.5691,-192.1748,50.2037,-25.92414856,4.760362625,-131.7229704,19.01664941,-16.17085144,12.51020092,-60.45179623,53.6846699
01/11/1991,-42.095,11.5691,-195.6827,50.3146,-25.92414856,4.760362625,-133.8833161,19.06623654,-16.17085144,12.51020092,-61.79936718,53.80600224
01/12/1991,-42.095,11.5691,-199.1907,50.4253,-25.90905489,4.760876795,-136.0424041,19.11570571,-16.18594511,12.51039658,-63.14819594,53.92706537
01/01/1992,-19.3789,24.5037,-200.8056,50.9191,-8.923858643,5.339481831,-136.7860589,19.17774867,-10.45504136,25.07870371,-64.01944939,54.410846
01/02/1992,-19.3789,24.5037,-202.4205,51.408,-8.923858643,5.339481831,-137.5297138,19.23959154,-10.45504136,25.07870371,-64.89070284,54.89036296
01/03/1992,-19.3789,24.5037,-204.0354,51.8924,-8.923858643,5.339481831,-138.2733687,19.30123627,-10.45504136,25.07870371,-65.76195628,55.36572703
01/04/1992,-13.9592,24.9037,-205.1987,52.388,-8.923858643,5.339481831,-139.0170236,19.36268475,-5.035341357,25.46967491,-66.18156806,55.85178983
01/05/1992,-11.2249,30.5872,-206.1341,53.1269,-8.923858643,5.339481831,-139.7606785,19.42393883,-2.301041357,31.04974831,-66.37332151,56.56644767
01/06/1992,-11.2249,30.5872,-207.0695,53.8557,-8.923858643,5.339481831,-140.5043334,19.48500035,-2.301041357,31.04974831,-66.56507496,57.27218852
01/07/1992,-11.2249,30.5872,-208.0049,54.5747,-8.923858643,5.339481831,-141.2479883,19.54587111,-2.301041357,31.04974831,-66.7568284,57.96933804
01/08/1992,-11.2249,30.5872,-208.9403,55.2844,-8.923858643,5.339481831,-141.9916432,19.60655289,-2.301041357,31.04974831,-66.94858185,58.65820257
01/09/1992,-11.2249,30.5872,-209.8757,55.9851,-8.923858643,5.339481831,-142.735298,19.66704745,-2.301041357,31.04974831,-67.14033529,59.33907063
01/10/1992,-11.2249,30.5872,-210.8111,56.6771,-8.923858643,5.339481831,-143.4789529,19.7273565,-2.301041357,31.04974831,-67.33208874,60.01221441
01/11/1992,-11.2249,30.5872,-211.7465,57.3608,-8.923858643,5.339481831,-144.2226078,19.78748173,-2.301041357,31.04974831,-67.52384219,60.67789098
01/12/1992,-11.2249,30.5872,-212.6819,58.0364,-8.915753198,5.339338748,-144.9655872,19.84742162,-2.309146802,31.0497237,-67.71627109,61.33634243
01/01/1993,-6.6408,20.3681,-213.2353,58.3335,0.205459595,5.178325653,-144.9484656,19.90363617,-6.846259595,21.01605468,-68.28679272,61.6356481
01/02/1993,-6.6408,20.3681,-213.7887,58.6291,0.205459595,5.178325653,-144.931344,19.95969241,-6.846259595,21.01605468,-68.85731435,61.93350733
01/03/1993,-6.6408,20.3681,-214.3421,58.9231,0.205459595,5.178325653,-144.9142223,20.01559165,-6.846259595,21.01605468,-69.42783599,62.2299409
01/04/1993,-6.6408,20.3681,-214.8955,59.2158,0.205459595,5.178325653,-144.8971007,20.07133522,-6.846259595,21.01605468,-69.99835762,62.52496909
01/05/1993,-6.6408,20.3681,-215.4489,59.507,0.205459595,5.178325653,-144.8799791,20.12692439,-6.846259595,21.01605468,-70.56887925,62.81861168
01/06/1993,-6.6408,20.3681,-216.0023,59.7968,0.205459595,5.178325653,-144.8628574,20.18236046,-6.846259595,21.01605468,-71.13940089,63.11088803
01/07/1993,-6.6408,20.3681,-216.5557,60.0851,0.205459595,5.178325653,-144.8457358,20.23764467,-6.846259595,21.01605468,-71.70992252,63.40181702
01/08/1993,-6.6408,20.3681,-217.1091,60.3721,0.205459595,5.178325653,-144.8286142,20.29277827,-6.846259595,21.01605468,-72.28044415,63.69141713
01/09/1993,-6.6408,20.3681,-217.6625,60.6578,0.205459595,5.178325653,-144.8114925,20.34776248,-6.846259595,21.01605468,-72.85096578,63.97970639
01/10/1993,-6.6408,20.3681,-218.2159,60.9421,0.205459595,5.178325653,-144.7943709,20.40259851,-6.846259595,21.01605468,-73.42148742,64.26670245
01/11/1993,-6.6408,20.3681,-218.7693,61.2251,0.205459595,5.178325653,-144.7772493,20.45728756,-6.846259595,21.01605468,-73.99200905,64.55242256
01/12/1993,-6.6408,20.3681,-219.3227,61.5068,0.184053775,5.178241643,-144.7619115,20.51182902,-6.824853775,21.01603398,-74.56074686,64.83688302
01/01/1994,-13.5788,17.0735,-220.4543,61.7039,-23.90432739,5.083703041,-146.7539388,20.56426025,10.32552739,17.81427627,-73.70028625,65.04050357
01/02/1994,-13.5788,17.0735,-221.5858,61.9004,-23.90432739,5.083703041,-148.745966,20.61655814,10.32552739,17.81427627,-72.83982563,65.24348863
01/03/1994,-13.5788,17.0735,-222.7174,62.0964,-23.90432739,5.083703041,-150.7379933,20.6687237,10.32552739,17.81427627,-71.97936502,65.44584412
01/04/1994,-13.5788,17.0735,-223.849,62.2916,-23.90432739,5.083703041,-152.7300206,20.72075793,10.32552739,17.81427627,-71.1189044,65.64757586
01/05/1994,-13.5788,17.0735,-224.9805,62.4863,-23.90432739,5.083703041,-154.7220479,20.77266181,10.32552739,17.81427627,-70.25844378,65.84868959
01/06/1994,-13.5788,17.0735,-226.1121,62.6804,-23.90432739,5.083703041,-156.7140752,20.82443633,10.32552739,17.81427627,-69.39798317,66.04919095
01/07/1994,-13.5788,17.0735,-227.2437,62.8739,-23.90432739,5.083703041,-158.7061024,20.87608245,10.32552739,17.81427627,-68.53752255,66.2490855
01/08/1994,-13.5788,17.0735,-228.3752,63.0668,-23.90432739,5.083703041,-160.6981297,20.92760111,10.32552739,17.81427627,-67.67706194,66.44837871
01/09/1994,-13.5788,17.0735,-229.5068,63.2591,-23.90432739,5.083703041,-162.690157,20.97899326,10.32552739,17.81427627,-66.81660132,66.64707599
01/10/1994,-13.5788,17.0735,-230.6383,63.4508,-23.90432739,5.083703041,-164.6821843,21.03025981,10.32552739,17.81427627,-65.9561407,66.84518264
01/11/1994,-13.5788,17.0735,-231.7699,63.6419,-23.90432739,5.083703041,-166.6742116,21.0814017,10.32552739,17.81427627,-65.09568009,67.0427039
01/12/1994,-13.5788,17.0735,-232.9015,63.8325,-23.88234907,5.083974407,-168.6644073,21.13242526,10.30354907,17.81435371,-64.237051,67.23964664
01/01/1995,-6.9346,16.646,-233.4794,64.0131,0.850280762,5.38934803,-168.5935506,21.18961586,-7.784880762,17.49669649,-64.88579106,67.42908334
01/02/1995,-6.9346,16.646,-234.0572,64.1932,0.850280762,5.38934803,-168.5226939,21.24665251,-7.784880762,17.49669649,-65.53453113,67.61798932
01/03/1995,-6.9346,16.646,-234.6351,64.3728,0.850280762,5.38934803,-168.4518371,21.30353646,-7.784880762,17.49669649,-66.18327119,67.80636902
01/04/1995,-6.9346,16.646,-235.213,64.5519,0.850280762,5.38934803,-168.3809804,21.36026892,-7.784880762,17.49669649,-66.83201125,67.99422681
01/05/1995,-6.9346,16.646,-235.7909,64.7305,0.850280762,5.38934803,-168.3101237,21.4168511,-7.784880762,17.49669649,-67.48075132,68.18156701
01/06/1995,-6.9346,16.646,-236.3688,64.9086,0.850280762,5.38934803,-168.239267,21.47328419,-7.784880762,17.49669649,-68.12949138,68.36839387
01/07/1995,-6.9346,16.646,-236.9467,65.0863,0.850280762,5.38934803,-168.1684102,21.52956936,-7.784880762,17.49669649,-68.77823144,68.55471158
01/08/1995,-6.9346,16.646,-237.5245,65.2634,0.850280762,5.38934803,-168.0975535,21.58570776,-7.784880762,17.49669649,-69.42697151,68.74052429
01/09/1995,-6.9346,16.646,-238.1024,65.4401,0.850280762,5.38934803,-168.0266968,21.64170054,-7.784880762,17.49669649,-70.07571157,68.92583608
01/10/1995,-6.9346,16.646,-238.6803,65.6163,0.850280762,5.38934803,-167.95584,21.69754883,-7.784880762,17.49669649,-70.72445163,69.11065098
01/11/1995,-6.9346,16.646,-239.2582,65.792,0.850280762,5.38934803,-167.8849833,21.75325373,-7.784880762,17.49669649,-71.3731917,69.29497297
01/12/1995,-6.9346,16.646,-239.8361,65.9672,0.867486239,5.3896278,-167.8126928,21.80882211,-7.802086239,17.49678267,-72.02336555,69.47880778
01/01/1996,-0.4999,15.9849,-239.8777,66.1284,20.22914124,5.704458714,-166.126931,21.8709044,-20.72904124,16.97226789,-73.75078565,69.65134281
01/02/1996,-0.4999,15.9849,-239.9194,66.2892,20.22914124,5.704458714,-164.4411692,21.93281097,-20.72904124,16.97226789,-75.47820576,69.82345149
01/03/1996,-0.4999,15.9849,-239.9611,66.4496,20.22914124,5.704458714,-162.7554075,21.99454329,-20.72904124,16.97226789,-77.20562586,69.99513699
01/04/1996,-0.4999,15.9849,-240.0027,66.6097,20.22914124,5.704458714,-161.0696457,22.05610283,-20.72904124,16.97226789,-78.93304596,70.16640241
01/05/1996,-0.4999,15.9849,-240.0444,66.7693,20.22914124,5.704458714,-159.3838839,22.11749103,-20.72904124,16.97226789,-80.66046606,70.3372508
01/06/1996,-0.4999,15.9849,-240.086,66.9286,20.22914124,5.704458714,-157.6981222,22.17870932,-20.72904124,16.97226789,-82.38788617,70.50768522
01/07/1996,-0.4999,15.9849,-240.1277,67.0875,20.22914124,5.704458714,-156.0123604,22.23975909,-20.72904124,16.97226789,-84.11530627,70.67770864
01/08/1996,-0.4999,15.9849,-240.1694,67.246,20.22914124,5.704458714,-154.3265986,22.30064174,-20.72904124,16.97226789,-85.84272637,70.84732403
01/09/1996,-0.4999,15.9849,-240.211,67.4041,20.22914124,5.704458714,-152.6408369,22.36135863,-20.72904124,16.97226789,-87.57014648,71.01653432
01/10/1996,-0.4999,15.9849,-240.2527,67.5619,20.22914124,5.704458714,-150.9550751,22.4219111,-20.72904124,16.97226789,-89.29756658,71.18534238
01/11/1996,-0.4999,15.9849,-240.2943,67.7193,20.22914124,5.704458714,-149.2693133,22.48230048,-20.72904124,16.97226789,-91.02498668,71.35375109
01/12/1996,-0.4999,15.9849,-240.336,67.8763,20.18175208,5.703759423,-147.5875006,22.54251333,-20.68165208,16.97203287,-92.74845769,71.5217586
01/01/1997,0.3428,15.822,-240.3074,68.0298,-33.1461792,4.916834831,-150.3496822,22.58715371,33.4889792,16.56837194,-89.95770942,71.68150296
01/02/1997,0.3428,15.822,-240.2789,68.183,-33.1461792,4.916834831,-153.1118638,22.63170604,33.4889792,16.56837194,-87.16696116,71.84089211
01/03/1997,0.3428,15.822,-240.2503,68.3358,-33.1461792,4.916834831,-155.8740454,22.67617084,33.4889792,16.56837194,-84.37621289,71.99992842
01/04/1997,0.3428,15.822,-240.2218,68.4882,-33.1461792,4.916834831,-158.636227,22.72054861,33.4889792,16.56837194,-81.58546462,72.15861422
01/05/1997,0.3428,15.822,-240.1932,68.6404,-33.1461792,4.916834831,-161.3984086,22.76483988,33.4889792,16.56837194,-78.79471636,72.31695181
01/06/1997,0.3428,15.822,-240.1646,68.7922,-33.1461792,4.916834831,-164.1605902,22.80904514,33.4889792,16.56837194,-76.00396809,72.47494348
01/07/1997,0.3428,15.822,-240.1361,68.9436,-33.1461792,4.916834831,-166.9227718,22.8531649,33.4889792,16.56837194,-73.21321982,72.63259149
01/08/1997,0.3428,15.822,-240.1075,69.0948,-33.1461792,4.916834831,-169.6849534,22.89719964,33.4889792,16.56837194,-70.42247156,72.78989806
01/09/1997,0.3428,15.822,-240.0789,69.2456,-33.1461792,4.916834831,-172.447135,22.94114985,33.4889792,16.56837194,-67.63172329,72.9468654
01/10/1997,0.3428,15.822,-240.0504,69.396,-33.1461792,4.916834831,-175.2093166,22.98501604,33.4889792,16.56837194,-64.84097502,73.10349571
01/11/1997,0.3428,15.822,-240.0218,69.5462,-33.1461792,4.916834831,-177.9714982,23.02879866,33.4889792,16.56837194,-62.05022676,73.25979115
01/12/1997,0.3428,15.822,-239.9933,69.696,-33.0859075,4.917942514,-180.7286572,23.07251787,33.4287075,16.56870069,-59.26450113,73.41576002
01/01/1998,11.2809,15.8999,-239.0532,69.847,34.73899841,6.164439201,-177.8337407,23.14104089,-23.45809841,17.05306807,-61.21934267,73.58062074
01/02/1998,11.2809,15.8999,-238.1131,69.9976,34.73899841,6.164439201,-174.9388241,23.20936161,-23.45809841,17.05306807,-63.1741842,73.7451129
01/03/1998,11.2809,15.8999,-237.173,70.1479,34.73899841,6.164439201,-172.0439076,23.2774818,-23.45809841,17.05306807,-65.12902573,73.90923897
01/04/1998,11.2809,15.8999,-236.233,70.2979,34.73899841,6.164439201,-169.1489911,23.34540322,-23.45809841,17.05306807,-67.08386727,74.07300138
01/05/1998,11.2809,15.8999,-235.2929,70.4476,34.73899841,6.164439201,-166.2540745,23.4131276,-23.45809841,17.05306807,-69.0387088,74.23640254
01/06/1998,11.2809,15.8999,-234.3528,70.597,34.73899841,6.164439201,-163.359158,23.48065665,-23.45809841,17.05306807,-70.99355034,74.39944483
01/07/1998,11.2809,15.8999,-233.4127,70.746,34.73899841,6.164439201,-160.4642415,23.54799205,-23.45809841,17.05306807,-72.94839187,74.56213059
01/08/1998,11.2809,15.8999,-232.4726,70.8948,34.73899841,6.164439201,-157.5693249,23.61513545,-23.45809841,17.05306807,-74.90323341,74.72446217
01/09/1998,11.2809,15.8999,-231.5326,71.0432,34.73899841,6.164439201,-154.6744084,23.68208848,-23.45809841,17.05306807,-76.85807494,74.88644187
01/10/1998,11.2809,15.8999,-230.5925,71.1913,34.73899841,6.164439201,-151.7794919,23.74885276,-23.45809841,17.05306807,-78.81291648,75.04807195
01/11/1998,11.2809,15.8999,-229.6524,71.3391,34.73899841,6.164439201,-148.8845753,23.81542988,-23.45809841,17.05306807,-80.76775801,75.20935469
01/12/1998,11.2809,15.8999,-228.7123,71.4866,34.74519089,6.164596654,-145.9891427,23.88182478,-23.46429089,17.05312499,-82.72311558,75.37029337
01/01/1999,11.9551,15.6738,-227.7161,71.6297,41.71369934,6.341781616,-142.5130011,23.95189076,-29.75859934,16.90816964,-85.20299886,75.52817338
01/02/1999,11.9551,15.6738,-226.7198,71.7724,41.71369934,6.341781616,-139.0368595,24.02175238,-29.75859934,16.90816964,-87.68288214,75.68572405
01/03/1999,11.9551,15.6738,-225.7236,71.9149,41.71369934,6.341781616,-135.5607179,24.09141141,-29.75859934,16.90816964,-90.16276542,75.84294743
01/04/1999,11.9551,15.6738,-224.7273,72.0571,41.71369934,6.341781616,-132.0845763,24.1608696,-29.75859934,16.90816964,-92.6426487,75.99984557
01/05/1999,11.9551,15.6738,-223.731,72.199,41.71369934,6.341781616,-128.6084347,24.23012869,-29.75859934,16.90816964,-95.12253198,76.15642046
01/06/1999,11.9551,15.6738,-222.7348,72.3407,41.71369934,6.341781616,-125.1322931,24.29919037,-29.75859934,16.90816964,-97.60241525,76.3126741
01/07/1999,11.9551,15.6738,-221.7385,72.482,41.71369934,6.341781616,-121.6561515,24.36805632,-29.75859934,16.90816964,-100.0822985,76.46860845
01/08/1999,11.9551,15.6738,-220.7423,72.6231,41.71369934,6.341781616,-118.1800099,24.4367282,-29.75859934,16.90816964,-102.5621818,76.62422548
01/09/1999,11.9551,15.6738,-219.746,72.7639,41.71369934,6.341781616,-114.7038682,24.50520764,-29.75859934,16.90816964,-105.0420651,76.77952709
01/10/1999,11.9551,15.6738,-218.7497,72.9045,41.71369934,6.341781616,-111.2277266,24.57349624,-29.75859934,16.90816964,-107.5219484,76.93451522
01/11/1999,11.9551,15.6738,-217.7535,73.0447,41.71369934,6.341781616,-107.751585,24.6415956,-29.75859934,16.90816964,-110.0018316,77.08919174
01/12/1999,11.9551,15.6738,-216.7572,73.1847,41.67061196,6.340754045,-104.279034,24.70948531,-29.71551196,16.90778425,-112.4781243,77.24355149
01/01/2000,-16.4619,17.5012,-218.129,73.3589,-6.816452026,5.184408188,-104.8470717,24.75476732,-9.645447974,18.25294742,-113.2819116,77.42306131
01/02/2000,-16.4619,17.5012,-219.5009,73.5327,-6.816452026,5.184408188,-105.4151094,24.79996665,-9.645447974,18.25294742,-114.085699,77.60215588
01/03/2000,-16.4619,17.5012,-220.8727,73.706,-6.816452026,5.184408188,-105.983147,24.84508375,-9.645447974,18.25294742,-114.8894863,77.78083808
01/04/2000,-16.4619,17.5012,-222.2445,73.879,-6.816452026,5.184408188,-106.5511847,24.89011907,-9.645447974,18.25294742,-115.6932736,77.95911074
01/05/2000,-16.4619,17.5012,-223.6164,74.0515,-6.816452026,5.184408188,-107.1192224,24.93507305,-9.645447974,18.25294742,-116.497061,78.13697667
01/06/2000,-16.4619,17.5012,-224.9882,74.2237,-6.816452026,5.184408188,-107.68726,24.97994613,-9.645447974,18.25294742,-117.3008483,78.31443863
01/07/2000,-16.4619,17.5012,-226.36,74.3954,-6.816452026,5.184408188,-108.2552977,25.02473875,-9.645447974,18.25294742,-118.1046356,78.49149937
01/08/2000,-16.4619,17.5012,-227.7319,74.5667,-6.816452026,5.184408188,-108.8233354,25.06945134,-9.645447974,18.25294742,-118.908423,78.66816159
01/09/2000,-16.4619,17.5012,-229.1037,74.7377,-6.816452026,5.184408188,-109.391373,25.11408432,-9.645447974,18.25294742,-119.7122103,78.84442798
01/10/2000,-16.4619,17.5012,-230.4755,74.9083,-6.816452026,5.184408188,-109.9594107,25.15863812,-9.645447974,18.25294742,-120.5159976,79.02030118
01/11/2000,-16.4619,17.5012,-231.8473,75.0784,-6.816452026,5.184408188,-110.5274484,25.20311315,-9.645447974,18.25294742,-121.319785,79.19578381
01/12/2000,-16.4619,17.5012,-233.2192,75.2482,-6.782716685,5.185393163,-111.0926748,25.2475267,-9.679183315,18.25322721,-122.1263836,79.37088383
01/01/2001,-26.6787,17.8247,-235.4424,75.424,31.18031311,6.293804169,-108.4943153,25.31281498,-57.85901311,18.90322462,-126.947968,79.55824822
01/02/2001,-26.6787,17.8247,-237.6656,75.5993,31.18031311,6.293804169,-105.8959559,25.3779353,-57.85901311,18.90322462,-131.7695524,79.74517239
01/03/2001,-26.6787,17.8247,-239.8888,75.7742,31.18031311,6.293804169,-103.2975965,25.44288894,-57.85901311,18.90322462,-136.5911368,79.93165943
01/04/2001,-26.6787,17.8247,-242.1121,75.9487,31.18031311,6.293804169,-100.6992371,25.50767718,-57.85901311,18.90322462,-141.4127213,80.11771239
01/05/2001,-26.6787,17.8247,-244.3353,76.1228,31.18031311,6.293804169,-98.10087764,25.57230129,-57.85901311,18.90322462,-146.2343057,80.30333429
01/06/2001,-26.6787,17.8247,-246.5585,76.2965,31.18031311,6.293804169,-95.50251822,25.63676249,-57.85901311,18.90322462,-151.0558901,80.48852811
01/07/2001,-26.6787,17.8247,-248.7817,76.4698,31.18031311,6.293804169,-92.90415879,25.70106201,-57.85901311,18.90322462,-155.8774745,80.6732968
01/08/2001,-26.6787,17.8247,-251.0049,76.6427,31.18031311,6.293804169,-90.30579937,25.76520107,-57.85901311,18.90322462,-160.699059,80.85764328
01/09/2001,-26.6787,17.8247,-253.2282,76.8153,31.18031311,6.293804169,-87.70743994,25.82918086,-57.85901311,18.90322462,-165.5206434,81.04157042
01/10/2001,-26.6787,17.8247,-255.4514,76.9874,31.18031311,6.293804169,-85.10908051,25.89300256,-57.85901311,18.90322462,-170.3422278,81.22508107
01/11/2001,-26.6787,17.8247,-257.6746,77.1592,31.18031311,6.293804169,-82.51072109,25.95666734,-57.85901311,18.90322462,-175.1638122,81.40817806
01/12/2001,-26.6787,17.8247,-259.8978,77.3306,31.13010315,6.292608611,-79.91654582,26.02015225,-57.80880315,18.90282659,-179.9812125,81.59085647
01/01/2002,-30.6035,16.5942,-262.4481,77.4788,-25.37213135,4.94722414,-82.0308901,26.0593152,-5.231368652,17.31596086,-180.4171599,81.74383607
01/02/2002,-30.6035,16.5942,-264.9984,77.6267,-25.37213135,4.94722414,-84.14523438,26.09841938,-5.231368652,17.31596086,-180.8531073,81.89652991
01/03/2002,-30.6035,16.5942,-267.5487,77.7744,-25.37213135,4.94722414,-86.25957866,26.13746506,-5.231368652,17.31596086,-181.2890547,82.04893959
01/04/2002,-34.0079,20.8456,-270.3827,78.0069,-25.37213135,4.94722414,-88.37392294,26.1764525,-8.635768652,21.42461356,-182.0087021,82.28170915
01/05/2002,-34.9787,23.1121,-273.2976,78.2917,-25.37213135,4.94722414,-90.48826722,26.21538196,-9.606568652,23.63565512,-182.8092494,82.56411658
01/06/2002,-34.9787,23.1121,-276.2125,78.5754,-25.37213135,4.94722414,-92.6026115,26.25425369,-9.606568652,23.63565512,-183.6097968,82.84556132
01/07/2002,-34.9787,23.1121,-279.1274,78.8582,-25.37213135,4.94722414,-94.71695578,26.29306795,-9.606568652,23.63565512,-184.4103442,83.12605316
01/08/2002,-34.9787,23.1121,-282.0422,79.1399,-25.37213135,4.94722414,-96.83130006,26.331825,-9.606568652,23.63565512,-185.2108916,83.40560173
01/09/2002,-34.9787,23.1121,-284.9571,79.4207,-25.37213135,4.94722414,-98.94564434,26.37052509,-9.606568652,23.63565512,-186.011439,83.68421645
01/10/2002,-34.9787,23.1121,-287.872,79.7004,-25.37213135,4.94722414,-101.0599886,26.40916847,-9.606568652,23.63565512,-186.8119864,83.96190665
01/11/2002,-34.9787,23.1121,-290.7869,79.9792,-25.37213135,4.94722414,-103.1743329,26.44775538,-9.606568652,23.63565512,-187.6125338,84.23868145
01/12/2002,-34.9787,23.1121,-293.7018,80.257,-25.34919412,4.947553859,-105.2867657,26.48629122,-9.629505879,23.63572414,-188.4149926,84.51455146
01/01/2003,-33.3548,18.5544,-296.4814,80.4355,0.462509155,5.318592548,-105.2482233,26.530754,-33.81730916,19.30163688,-191.2331017,84.69802541
01/02/2003,-33.3548,18.5544,-299.261,80.6136,0.462509155,5.318592548,-105.2096809,26.5751424,-33.81730916,19.30163688,-194.0512108,84.88110278
01/03/2003,-33.3548,18.5544,-302.0405,80.7914,0.462509155,5.318592548,-105.1711384,26.61945678,-33.81730916,19.30163688,-196.8693199,85.06378612
01/04/2003,-33.3548,18.5544,-304.8201,80.9687,0.462509155,5.318592548,-105.132596,26.66369751,-33.81730916,19.30163688,-199.687429,85.24607797
01/05/2003,-33.3548,18.5544,-307.5997,81.1457,0.462509155,5.318592548,-105.0940536,26.70786496,-33.81730916,19.30163688,-202.5055381,85.42798083
01/06/2003,-33.3548,18.5544,-310.3792,81.3223,0.462509155,5.318592548,-105.0555112,26.75195948,-33.81730916,19.30163688,-205.3236472,85.60949719
01/07/2003,-33.3548,18.5544,-313.1588,81.4985,0.462509155,5.318592548,-105.0169687,26.79598145,-33.81730916,19.30163688,-208.1417563,85.79062949
01/08/2003,-33.3548,18.5544,-315.9384,81.6743,0.462509155,5.318592548,-104.9784263,26.83993121,-33.81730916,19.30163688,-210.9598654,85.97138017
01/09/2003,-38.1418,13.5696,-319.1169,81.7682,0.462509155,5.318592548,-104.9398839,26.88380913,-38.60430916,14.57468596,-214.1768911,86.07427025
01/10/2003,-38.1418,13.5696,-322.2954,81.862,0.462509155,5.318592548,-104.9013414,26.92761554,-38.60430916,14.57468596,-217.3939169,86.17703748
01/11/2003,-38.1418,13.5696,-325.4738,81.9556,0.462509155,5.318592548,-104.862799,26.97135081,-38.60430916,14.57468596,-220.6109427,86.2796823
01/12/2003,-38.1418,13.5696,-328.6523,82.0492,0.489914328,5.31910964,-104.8219728,27.01502375,-38.63171433,14.57487467,-223.8302522,86.38220781
01/01/2004,-19.425,11.7509,-330.2711,82.1193,31.32948303,5.901002407,-102.2111826,27.06867798,-50.75448303,13.14935284,-228.0597924,86.46556897
01/02/2004,-19.425,11.7509,-331.8898,82.1893,31.32948303,5.901002407,-99.60039231,27.12222607,-50.75448303,13.14935284,-232.2893327,86.54884983
01/03/2004,-19.425,11.7509,-333.5086,82.2593,31.32948303,5.901002407,-96.98960206,27.17566864,-50.75448303,13.14935284,-236.5188729,86.63205064
01/04/2004,-19.425,11.7509,-335.1273,82.3292,31.32948303,5.901002407,-94.37881181,27.22900632,-50.75448303,13.14935284,-240.7484132,86.71517162
01/05/2004,-19.425,11.7509,-336.7461,82.3991,31.32948303,5.901002407,-91.76802155,27.28223973,-50.75448303,13.14935284,-244.9779534,86.79821299
01/06/2004,-19.425,11.7509,-338.3648,82.4688,31.32948303,5.901002407,-89.1572313,27.33536947,-50.75448303,13.14935284,-249.2074937,86.881175
01/07/2004,-19.425,11.7509,-339.9836,82.5386,31.32948303,5.901002407,-86.54644105,27.38839614,-50.75448303,13.14935284,-253.437034,86.96405786
01/08/2004,-19.425,11.7509,-341.6023,82.6083,31.32948303,5.901002407,-83.9356508,27.44132034,-50.75448303,13.14935284,-257.6665742,87.04686181
01/09/2004,-19.425,11.7509,-343.2211,82.6779,31.32948303,5.901002407,-81.32486054,27.49414268,-50.75448303,13.14935284,-261.8961145,87.12958706
01/10/2004,-19.425,11.7509,-344.8398,82.7474,31.32948303,5.901002407,-78.71407029,27.54686372,-50.75448303,13.14935284,-266.1256547,87.21223384
01/11/2004,-19.425,11.7509,-346.4586,82.8169,31.32948303,5.901002407,-76.10328004,27.59948405,-50.75448303,13.14935284,-270.355195,87.29480238
01/12/2004,-19.425,11.7509,-348.0773,82.8864,31.29683615,5.900607999,-73.49521036,27.65199724,-50.72183615,13.14917585,-274.5820146,87.37729067
01/01/2005,-12.7544,11.4152,-349.1402,82.9519,-5.441329956,5.456772804,-73.94865452,27.69682862,-7.313070044,12.65239742,-275.1914371,87.45359449
01/02/2005,-12.7544,11.4152,-350.2031,83.0173,-5.441329956,5.456772804,-74.40209868,27.74158755,-7.313070044,12.65239742,-275.8008596,87.52983179
01/03/2005,-12.7544,11.4152,-351.2659,83.0827,-5.441329956,5.456772804,-74.85554285,27.78627438,-7.313070044,12.65239742,-276.4102822,87.60600274
01/04/2005,-12.7544,11.4152,-352.3288,83.148,-5.441329956,5.456772804,-75.30898701,27.83088946,-7.313070044,12.65239742,-277.0197047,87.68210753
01/05/2005,-12.7544,11.4152,-353.3917,83.2133,-5.441329956,5.456772804,-75.76243117,27.87543313,-7.313070044,12.65239742,-277.6291272,87.75814631
01/06/2005,-12.7544,11.4152,-354.4545,83.2785,-5.441329956,5.456772804,-76.21587534,27.91990574,-7.313070044,12.65239742,-278.2385497,87.83411927
01/07/2005,-12.7544,11.4152,-355.5174,83.3437,-5.441329956,5.456772804,-76.6693195,27.96430762,-7.313070044,12.65239742,-278.8479722,87.91002657
01/08/2005,-12.7544,11.4152,-356.5802,83.4088,-5.441329956,5.456772804,-77.12276366,28.00863911,-7.313070044,12.65239742,-279.4573947,87.98586839
01/09/2005,-12.7544,11.4152,-357.6431,83.4738,-5.441329956,5.456772804,-77.57620783,28.05290055,-7.313070044,12.65239742,-280.0668172,88.06164488
01/10/2005,-12.7544,11.4152,-358.706,83.5389,-5.441329956,5.456772804,-78.02965199,28.09709226,-7.313070044,12.65239742,-280.6762397,88.13735623
01/11/2005,-12.7544,11.4152,-359.7688,83.6038,-5.441329956,5.456772804,-78.48309615,28.14121457,-7.313070044,12.65239742,-281.2856622,88.2130026
01/12/2005,-12.7544,11.4152,-360.8317,83.6688,-5.406777105,5.45765113,-78.93366091,28.18528199,-7.347622895,12.65277625,-281.8979641,88.28858867
01/01/2006,-33.4513,11.7847,-363.6193,83.7379,33.47621155,6.446047783,-76.14397661,28.24664137,-66.92751155,13.432449,-287.4752567,88.3736996
01/02/2006,-33.4513,11.7847,-366.4069,83.807,33.47621155,6.446047783,-73.35429232,28.30786774,-66.92751155,13.432449,-293.0525493,88.45872864
01/03/2006,-33.4513,11.7847,-369.1945,83.876,33.47621155,6.446047783,-70.56460802,28.36896198,-66.92751155,13.432449,-298.629842,88.54367602
01/04/2006,-33.4513,11.7847,-371.9821,83.9449,33.47621155,6.446047783,-67.77492373,28.42992493,-66.92751155,13.432449,-304.2071346,88.62854198
01/05/2006,-33.4513,11.7847,-374.7697,84.0138,33.47621155,6.446047783,-64.98523943,28.49075744,-66.92751155,13.432449,-309.7844272,88.71332676
01/06/2006,-33.4513,11.7847,-377.5574,84.0827,33.47621155,6.446047783,-62.19555514,28.55146034,-66.92751155,13.432449,-315.3617199,88.79803059
01/07/2006,-33.4513,11.7847,-380.345,84.1515,33.47621155,6.446047783,-59.40587084,28.61203445,-66.92751155,13.432449,-320.9390125,88.88265369
01/08/2006,-33.4513,11.7847,-383.1326,84.2202,33.47621155,6.446047783,-56.61618655,28.67248059,-66.92751155,13.432449,-326.5163051,88.9671963
01/09/2006,-33.4513,11.7847,-385.9202,84.2889,33.47621155,6.446047783,-53.82650225,28.73279956,-66.92751155,13.432449,-332.0935978,89.05165866
01/10/2006,-33.4513,11.7847,-388.7078,84.3575,33.47621155,6.446047783,-51.03681795,28.79299218,-66.92751155,13.432449,-337.6708904,89.13604097
01/11/2006,-33.4513,11.7847,-391.4954,84.4261,33.47621155,6.446047783,-48.24713366,28.85305922,-66.92751155,13.432449,-343.248183,89.22034348
01/12/2006,-33.4513,11.7847,-394.283,84.4946,33.40048897,6.444284251,-45.46375958,28.91296871,-66.85178897,13.43160279,-348.8191654,89.30455581
01/01/2007,-49.7266,13.1514,-398.4269,84.5799,-51.81158447,4.459747791,-49.78139162,28.94161719,2.084984473,13.88699652,-348.6454167,89.39448759
01/02/2007,-49.7266,13.1514,-402.5708,84.665,-51.81158447,4.459747791,-54.09902366,28.97023734,2.084984473,13.88699652,-348.471668,89.48432899
01/03/2007,-49.7266,13.1514,-406.7147,84.7501,-51.81158447,4.459747791,-58.4166557,28.99882924,2.084984473,13.88699652,-348.2979193,89.57408028
01/04/2007,-49.7266,13.1514,-410.8585,84.8351,-51.81158447,4.459747791,-62.73428773,29.02739298,2.084984473,13.88699652,-348.1241706,89.66374173
01/05/2007,-49.7266,13.1514,-415.0024,84.92,-51.81158447,4.459747791,-67.05191977,29.05592864,2.084984473,13.88699652,-347.9504219,89.75331361
01/06/2007,-49.7266,13.1514,-419.1463,85.0048,-51.81158447,4.459747791,-71.36955181,29.08443631,2.084984473,13.88699652,-347.7766732,89.84279619
01/07/2007,-49.7266,13.1514,-423.2902,85.0896,-51.81158447,4.459747791,-75.68718385,29.11291605,2.084984473,13.88699652,-347.6029245,89.93218974
01/08/2007,-49.7266,13.1514,-427.4341,85.1742,-51.81158447,4.459747791,-80.00481589,29.14136797,2.084984473,13.88699652,-347.4291758,90.02149451
01/09/2007,-49.7266,13.1514,-431.5779,85.2588,-51.81158447,4.459747791,-84.32244793,29.16979213,2.084984473,13.88699652,-347.2554271,90.11071078
01/10/2007,-49.7266,13.1514,-435.7218,85.3433,-51.81158447,4.459747791,-88.64007997,29.19818863,2.084984473,13.88699652,-347.0816784,90.19983881
01/11/2007,-49.7266,13.1514,-439.8657,85.4277,-51.81158447,4.459747791,-92.95771201,29.22655753,2.084984473,13.88699652,-346.9079297,90.28887885
01/12/2007,-49.7266,13.1514,-444.0096,85.512,-51.72408897,4.461295151,-97.26805276,29.25491858,1.997488973,13.88749352,-346.7414722,90.37783754
01/01/2008,-44.7459,11.3836,-447.7384,85.5751,46.73628235,6.202569008,-93.37336256,29.30966137,-91.48218235,12.96372675,-354.3649874,90.45528381
01/02/2008,-44.7459,11.3836,-451.4672,85.6382,46.73628235,6.202569008,-89.47867237,29.36430211,-91.48218235,12.96372675,-361.9885026,90.53266383
01/03/2008,-44.7459,11.3836,-455.1961,85.7012,46.73628235,6.202569008,-85.58398217,29.41884136,-91.48218235,12.96372675,-369.6120178,90.60997777
01/04/2008,-44.7459,11.3836,-458.9249,85.7642,46.73628235,6.202569008,-81.68929198,29.47327969,-91.48218235,12.96372675,-377.235533,90.6872258
01/05/2008,-44.7459,11.3836,-462.6537,85.8271,46.73628235,6.202569008,-77.79460178,29.52761765,-91.48218235,12.96372675,-384.8590482,90.76440808
01/06/2008,-44.7459,11.3836,-466.3825,85.89,46.73628235,6.202569008,-73.89991158,29.58185581,-91.48218235,12.96372675,-392.4825634,90.84152479
01/07/2008,-44.7459,11.3836,-470.1113,85.9528,46.73628235,6.202569008,-70.00522139,29.6359947,-91.48218235,12.96372675,-400.1060786,90.91857609
01/08/2008,-44.7459,11.3836,-473.8402,86.0156,46.73628235,6.202569008,-66.11053119,29.69003487,-91.48218235,12.96372675,-407.7295938,90.99556214
01/09/2008,-44.7459,11.3836,-477.569,86.0784,46.73628235,6.202569008,-62.215841,29.74397685,-91.48218235,12.96372675,-415.353109,91.07248311
01/10/2008,-44.7459,11.3836,-481.2978,86.1411,46.73628235,6.202569008,-58.3211508,29.79782119,-91.48218235,12.96372675,-422.9766242,91.14933918
01/11/2008,-44.7459,11.3836,-485.0266,86.2038,46.73628235,6.202569008,-54.42646061,29.8515684,-91.48218235,12.96372675,-430.6001394,91.22613049
01/12/2008,-44.7459,11.3836,-488.7555,86.2664,46.66505521,6.201174352,-50.537706,29.90519492,-91.41095521,12.96305953,-438.217719,91.30284932
01/01/2009,-43.5983,11.5035,-492.3886,86.3303,-33.48822021,4.631741524,-53.32839102,29.93507033,-10.11007979,12.40094923,-439.0602256,91.37300252
01/02/2009,-43.5983,11.5035,-496.0218,86.3941,-33.48822021,4.631741524,-56.11907604,29.96491596,-10.11007979,12.40094923,-439.9027323,91.4431019
01/03/2009,-43.5983,11.5035,-499.655,86.4579,-33.48822021,4.631741524,-58.90976106,29.99473188,-10.11007979,12.40094923,-440.7452389,91.51314758
01/04/2009,-43.5983,11.5035,-503.2882,86.5216,-33.48822021,4.631741524,-61.70044608,30.0245182,-10.11007979,12.40094923,-441.5877456,91.58313969
01/05/2009,-43.5983,11.5035,-506.9214,86.5854,-33.48822021,4.631741524,-64.49113109,30.054275,-10.11007979,12.40094923,-442.4302522,91.65307835
01/06/2009,-43.5983,11.5035,-510.5546,86.649,-33.48822021,4.631741524,-67.28181611,30.08400237,-10.11007979,12.40094923,-443.2727589,91.72296368
01/07/2009,-43.5983,11.5035,-514.1878,86.7126,-33.48822021,4.631741524,-70.07250113,30.11370039,-10.11007979,12.40094923,-444.1152655,91.79279581
01/08/2009,-43.5983,11.5035,-517.821,86.7762,-33.48822021,4.631741524,-72.86318615,30.14336915,-10.11007979,12.40094923,-444.9577722,91.86257485
01/09/2009,-43.5983,11.5035,-521.4542,86.8397,-33.48822021,4.631741524,-75.65387117,30.17300873,-10.11007979,12.40094923,-445.8002788,91.93230093
01/10/2009,-43.5983,11.5035,-525.0874,86.9032,-33.48822021,4.631741524,-78.44455618,30.20261923,-10.11007979,12.40094923,-446.6427855,92.00197416
01/11/2009,-43.5983,11.5035,-528.7206,86.9666,-33.48822021,4.631741524,-81.2352412,30.23220073,-10.11007979,12.40094923,-447.4852921,92.07159467
01/12/2009,-43.5983,11.5035,-532.3537,87.03,-33.40743562,4.633624777,-84.01919417,30.26177734,-10.19086438,12.40165275,-448.3345308,92.14117047
01/01/2010,-42.5432,11.9195,-535.899,87.098,57.50102234,6.752886295,-79.22744231,30.32449984,-100.0442223,13.69948735,-456.6715494,92.22599936
01/02/2010,-42.5432,11.9195,-539.4443,87.1659,57.50102234,6.752886295,-74.43569045,30.38709288,-100.0442223,13.69948735,-465.0085679,92.3107503
01/03/2010,-42.5432,11.9195,-542.9895,87.2338,57.50102234,6.752886295,-69.64393859,30.44955724,-100.0442223,13.69948735,-473.3455864,92.39542351
01/04/2010,-42.5432,11.9195,-546.5348,87.3016,57.50102234,6.752886295,-64.85218672,30.51189374,-100.0442223,13.69948735,-481.6826049,92.48001918
01/05/2010,-42.5432,11.9195,-550.0801,87.3694,57.50102234,6.752886295,-60.06043486,30.57410313,-100.0442223,13.69948735,-490.0196235,92.56453755
01/06/2010,-42.5432,11.9195,-553.6253,87.4371,57.50102234,6.752886295,-55.268683,30.6361862,-100.0442223,13.69948735,-498.356642,92.64897881
01/07/2010,-42.5432,11.9195,-557.1706,87.5048,57.50102234,6.752886295,-50.47693114,30.69814372,-100.0442223,13.69948735,-506.6936605,92.73334319
01/08/2010,-42.5432,11.9195,-560.7159,87.5724,57.50102234,6.752886295,-45.68517928,30.75997645,-100.0442223,13.69948735,-515.0306791,92.81763088
01/09/2010,-42.5432,11.9195,-564.2611,87.64,57.50102234,6.752886295,-40.89342742,30.82168512,-100.0442223,13.69948735,-523.3676976,92.9018421
01/10/2010,-42.5432,11.9195,-567.8064,87.7075,57.50102234,6.752886295,-36.10167555,30.8832705,-100.0442223,13.69948735,-531.7047161,92.98597705
01/11/2010,-42.5432,11.9195,-571.3516,87.775,57.50102234,6.752886295,-31.30992369,30.94473331,-100.0442223,13.69948735,-540.0417346,93.07003595
01/12/2010,-42.5432,11.9195,-574.8969,87.8424,57.41507193,6.751018739,-26.52533437,31.0060404,-99.95827193,13.69856687,-548.3715906,93.15400772
01/01/2011,-47.3938,12.2024,-578.8464,87.913,-39.30657959,4.649421215,-29.80088266,31.03507641,-8.08722041,13.05816539,-549.0455257,93.23024613
01/02/2011,-47.3938,12.2024,-582.7959,87.9836,-39.30657959,4.649421215,-33.07643096,31.06408528,-8.08722041,13.05816539,-549.7194607,93.30642226
01/03/2011,-47.3938,12.2024,-586.7454,88.054,-39.30657959,4.649421215,-36.35197926,31.09306708,-8.08722041,13.05816539,-550.3933957,93.38253625
01/04/2011,-47.3938,12.2024,-590.6948,88.1245,-39.30657959,4.649421215,-39.62752756,31.1220219,-8.08722041,13.05816539,-551.0673308,93.45858824
01/05/2011,-47.3938,12.2024,-594.6443,88.1948,-39.30657959,4.649421215,-42.90307586,31.1509498,-8.08722041,13.05816539,-551.7412658,93.53457841
01/06/2011,-47.3938,12.2024,-598.5938,88.2652,-39.30657959,4.649421215,-46.17862416,31.17985087,-8.08722041,13.05816539,-552.4152008,93.61050688
01/07/2011,-47.3938,12.2024,-602.5433,88.3354,-39.30657959,4.649421215,-49.45417246,31.20872517,-8.08722041,13.05816539,-553.0891359,93.68637382
01/08/2011,-47.3938,12.2024,-606.4928,88.4056,-39.30657959,4.649421215,-52.72972076,31.23757278,-8.08722041,13.05816539,-553.7630709,93.76217937
01/09/2011,-47.3938,12.2024,-610.4423,88.4758,-39.30657959,4.649421215,-56.00526906,31.26639378,-8.08722041,13.05816539,-554.4370059,93.83792368
01/10/2011,-47.3938,12.2024,-614.3918,88.5459,-39.30657959,4.649421215,-59.28081736,31.29518823,-8.08722041,13.05816539,-555.110941,93.9136069
01/11/2011,-47.3938,12.2024,-618.3412,88.6159,-39.30657959,4.649421215,-62.55636566,31.32395621,-8.08722041,13.05816539,-555.784876,93.98922918
01/12/2011,-47.3938,12.2024,-622.2907,88.6859,-39.29407024,4.649562669,-65.83087151,31.35269955,-8.099729761,13.05821576,-556.4598535,94.06479125
01/01/2012,-59.6154,12.2343,-627.2587,88.7562,-25.21705627,4.808743954,-67.93229287,31.38341554,-34.39834373,13.14542182,-559.3263821,94.14130406
01/02/2012,-59.6154,12.2343,-632.2266,88.8264,-25.21705627,4.808743954,-70.03371422,31.41410149,-34.39834373,13.14542182,-562.1929108,94.21775473
01/03/2012,-59.6154,12.2343,-637.1946,88.8966,-25.21705627,4.808743954,-72.13513558,31.44475749,-34.39834373,13.14542182,-565.0594394,94.29414342
01/04/2012,-59.6154,12.2343,-642.1625,88.9667,-25.21705627,4.808743954,-74.23655693,31.47538364,-34.39834373,13.14542182,-567.9259681,94.37047027
01/05/2012,-59.6154,12.2343,-647.1305,89.0368,-25.21705627,4.808743954,-76.33797829,31.50598002,-34.39834373,13.14542182,-570.7924967,94.44673545
01/06/2012,-59.6154,12.2343,-652.0984,89.1068,-25.21705627,4.808743954,-78.43939965,31.53654671,-34.39834373,13.14542182,-573.6590254,94.52293908
01/07/2012,-59.6154,12.2343,-657.0664,89.1768,-25.21705627,4.808743954,-80.540821,31.56708381,-34.39834373,13.14542182,-576.525554,94.59908134
01/08/2012,-59.6154,12.2343,-662.0343,89.2467,-25.21705627,4.808743954,-82.64224236,31.59759139,-34.39834373,13.14542182,-579.3920826,94.67516235
01/09/2012,-59.6154,12.2343,-667.0023,89.3166,-25.21705627,4.808743954,-84.74366372,31.62806955,-34.39834373,13.14542182,-582.2586113,94.75118228
01/10/2012,-59.6154,12.2343,-671.9702,89.3864,-25.21705627,4.808743954,-86.84508507,31.65851837,-34.39834373,13.14542182,-585.1251399,94.82714126
01/11/2012,-59.6154,12.2343,-676.9381,89.4561,-25.21705627,4.808743954,-88.94650643,31.68893792,-34.39834373,13.14542182,-587.9916686,94.90303945
01/12/2012,-59.6154,12.2343,-681.9061,89.5258,-25.19817079,4.809345495,-91.04635399,31.71933591,-34.41722921,13.14564189,-590.859771,94.97887953
01/01/2013,-49.8363,12.3422,-686.0591,89.5967,-3.945968628,5.486271858,-91.37518471,31.75884972,-45.89033137,13.50663095,-594.6839653,95.05887639
01/02/2013,-49.8363,12.3422,-690.2121,89.6675,-3.945968628,5.486271858,-91.70401543,31.79831443,-45.89033137,13.50663095,-598.5081596,95.13880598
01/03/2013,-49.8363,12.3422,-694.3652,89.7382,-3.945968628,5.486271858,-92.03284615,31.83773022,-45.89033137,13.50663095,-602.3323538,95.21866848
01/04/2013,-49.8363,12.3422,-698.5182,89.8089,-3.945968628,5.486271858,-92.36167687,31.87709727,-45.89033137,13.50663095,-606.1565481,95.29846406
01/05/2013,-49.8363,12.3422,-702.6712,89.8796,-3.945968628,5.486271858,-92.69050759,31.91641577,-45.89033137,13.50663095,-609.9807424,95.37819287
01/06/2013,-49.8363,12.3422,-706.8242,89.9502,-3.945968628,5.486271858,-93.01933831,31.95568589,-45.89033137,13.50663095,-613.8049367,95.45785509
01/07/2013,-49.8363,12.3422,-710.9773,90.0207,-3.945968628,5.486271858,-93.34816903,31.9949078,-45.89033137,13.50663095,-617.629131,95.53745089
01/08/2013,-49.8363,12.3422,-715.1303,90.0912,-3.945968628,5.486271858,-93.67699975,32.0340817,-45.89033137,13.50663095,-621.4533253,95.61698043
01/09/2013,-49.8363,12.3422,-719.2833,90.1616,-3.945968628,5.486271858,-94.00583046,32.07320775,-45.89033137,13.50663095,-625.2775195,95.69644388
01/10/2013,-49.8363,12.3422,-723.4363,90.232,-3.945968628,5.486271858,-94.33466118,32.11228613,-45.89033137,13.50663095,-629.1017138,95.77584139
01/11/2013,-49.8363,12.3422,-727.5894,90.3023,-3.945968628,5.486271858,-94.6634919,32.15131701,-45.89033137,13.50663095,-632.9259081,95.85517314
01/12/2013,-49.8363,12.3422,-731.7424,90.3725,-3.948156668,5.486038148,-94.99250496,32.19029724,-45.88814333,13.50653603,-636.74992,95.93443818
01/01/2014,-38.3744,12.6041,-734.9402,90.4458,-6.410400391,5.223040104,-95.52670499,32.22558894,-31.96399961,13.64344109,-639.4135867,96.0152508
01/02/2014,-38.3744,12.6041,-738.1381,90.5189,-6.410400391,5.223040104,-96.06090502,32.26084203,-31.96399961,13.64344109,-642.0772533,96.09599546
01/03/2014,-38.3744,12.6041,-741.336,90.592,-6.410400391,5.223040104,-96.59510506,32.29605663,-31.96399961,13.64344109,-644.7409199,96.17667233
01/04/2014,-38.3744,12.6041,-744.5338,90.665,-6.410400391,5.223040104,-97.12930509,32.33123288,-31.96399961,13.64344109,-647.4045866,96.25728159
01/05/2014,-38.3744,12.6041,-747.7317,90.738,-6.410400391,5.223040104,-97.66350512,32.3663709,-31.96399961,13.64344109,-650.0682532,96.3378234
01/06/2014,-38.3744,12.6041,-750.9296,90.8109,-6.410400391,5.223040104,-98.19770515,32.40147082,-31.96399961,13.64344109,-652.7319198,96.41829792
01/07/2014,-38.3744,12.6041,-754.1274,90.8838,-6.410400391,5.223040104,-98.73190519,32.43653275,-31.96399961,13.64344109,-655.3955865,96.49870534
01/08/2014,-38.3744,12.6041,-757.3253,90.9566,-6.410400391,5.223040104,-99.26610522,32.47155683,-31.96399961,13.64344109,-658.0592531,96.57904581
01/09/2014,-38.3744,12.6041,-760.5231,91.0294,-6.410400391,5.223040104,-99.80030525,32.50654316,-31.96399961,13.64344109,-660.7229197,96.6593195
01/10/2014,-38.3744,12.6041,-763.721,91.102,-6.410400391,5.223040104,-100.3345053,32.54149189,-31.96399961,13.64344109,-663.3865864,96.73952659
01/11/2014,-38.3744,12.6041,-766.9189,91.1747,-6.410400391,5.223040104,-100.8687053,32.57640311,-31.96399961,13.64344109,-666.050253,96.81966723
01/12/2014,-38.3744,12.6041,-770.1167,91.2473,-6.407681912,5.223153473,-101.4026788,32.61127848,-31.96671809,13.64348449,-668.7141462,96.8997421
01/01/2015,-2.46,14.9597,-770.3217,91.3494,-3.348526001,5.350730419,-101.6817226,32.64783828,0.888526001,15.88782364,-668.6401024,97.00822266
01/02/2015,-2.46,14.9597,-770.5267,91.4514,-3.348526001,5.350730419,-101.9607665,32.68435717,0.888526001,15.88782364,-668.5660585,97.11658206
01/03/2015,-2.46,14.9597,-770.7317,91.5533,-3.348526001,5.350730419,-102.2398103,32.72083531,0.888526001,15.88782364,-668.4920147,97.22482068
01/04/2015,-2.46,14.9597,-770.9367,91.6551,-3.348526001,5.350730419,-102.5188541,32.75727283,0.888526001,15.88782364,-668.4179709,97.33293893
01/05/2015,-2.46,14.9597,-771.1417,91.7568,-3.348526001,5.350730419,-102.797898,32.79366986,0.888526001,15.88782364,-668.343927,97.44093723
01/06/2015,-2.46,14.9597,-771.3467,91.8584,-3.348526001,5.350730419,-103.0769418,32.83002654,0.888526001,15.88782364,-668.2698832,97.54881595
01/07/2015,-3.039,15.2064,-771.6,91.9632,-3.348526001,5.350730419,-103.3559856,32.86634301,0.309526001,16.12032621,-668.2440894,97.65975068
01/08/2015,-3.039,15.2064,-771.8532,92.0679,-3.348526001,5.350730419,-103.6350295,32.90261938,0.309526001,16.12032621,-668.2182955,97.77055955
01/09/2015,-3.039,15.2064,-772.1065,92.1725,-3.348526001,5.350730419,-103.9140733,32.93885581,0.309526001,16.12032621,-668.1925017,97.88124297
01/10/2015,-3.039,15.2064,-772.3597,92.2769,-3.348526001,5.350730419,-104.1931171,32.97505242,0.309526001,16.12032621,-668.1667079,97.99180137
01/11/2015,-3.039,15.2064,-772.613,92.3813,-3.348526001,5.350730419,-104.472161,33.01120933,0.309526001,16.12032621,-668.140914,98.10223517
01/12/2015,-3.039,15.2064,-772.8662,92.4855,-3.277053392,5.352287663,-104.7452488,33.0473477,0.238053392,16.12084316,-668.1210762,98.21255187
01/01/2016,14.6716,28.229,-771.6436,92.8438,77.15245056,7.104683876,-98.31587788,33.11092823,-62.48085056,29.10932795,-673.3278138,98.57138579
01/02/2016,14.6716,28.229,-770.4209,93.2008,77.15245056,7.104683876,-91.886507,33.1743869,-62.48085056,29.10932795,-678.5345513,98.92891815
01/03/2016,14.6716,28.229,-769.1983,93.5564,77.15245056,7.104683876,-85.45713612,33.23772441,-62.48085056,29.10932795,-683.7412889,99.28516302
01/04/2016,14.6716,28.229,-767.9757,93.9106,77.15245056,7.104683876,-79.02776524,33.30094146,-62.48085056,29.10932795,-688.9480264,99.64013422
01/05/2016,14.6716,28.229,-766.753,94.2635,77.15245056,7.104683876,-72.59839436,33.36403872,-62.48085056,29.10932795,-694.154764,99.9938453
01/06/2016,14.6716,28.229,-765.5304,94.6151,77.15245056,7.104683876,-66.16902348,33.42701688,-62.48085056,29.10932795,-699.3615015,100.3463096
01/07/2016,14.6716,28.229,-764.3077,94.9653,77.15245056,7.104683876,-59.7396526,33.48987661,-62.48085056,29.10932795,-704.5682391,100.6975402
01/08/2016,14.6716,28.229,-763.0851,95.3143,77.15245056,7.104683876,-53.31028172,33.55261858,-62.48085056,29.10932795,-709.7749766,101.0475499
01/09/2016,14.6716,28.229,-761.8625,95.6621,77.15245056,7.104683876,-46.88091084,33.61524344,-62.48085056,29.10932795,-714.9817142,101.3963515
01/10/2016,14.6716,28.229,-760.6398,96.0085,77.15245056,7.104683876,-40.45153996,33.67775184,-62.48085056,29.10932795,-720.1884517,101.7439573
01/11/2016,14.6716,28.229,-759.4172,96.3537,77.15245056,7.104683876,-34.02216908,33.74014445,-62.48085056,29.10932795,-725.3951893,102.0903796
01/12/2016,14.6716,28.229,-758.1946,96.6977,77.08153856,7.103114946,-27.59870753,33.8023944,-62.40993856,29.10894507,-730.5960175,102.4356212
01/01/2017,-15.6916,15.8042,-759.5022,96.8053,-2.717102051,5.337567329,-27.8251327,33.83749404,-12.97449795,16.68119788,-731.6772256,102.5487446
01/02/2017,-15.6916,15.8042,-760.8098,96.9127,-2.717102051,5.337567329,-28.05155787,33.87255731,-12.97449795,16.68119788,-732.7584338,102.6617434
01/03/2017,-15.6916,15.8042,-762.1175,97.0201,-2.717102051,5.337567329,-28.27798304,33.90758431,-12.97449795,16.68119788,-733.839642,102.7746179
01/04/2017,-15.6916,15.8042,-763.4251,97.1273,-2.717102051,5.337567329,-28.50440821,33.94257517,-12.97449795,16.68119788,-734.9208501,102.8873686
01/05/2017,-15.6916,15.8042,-764.7328,97.2344,-2.717102051,5.337567329,-28.73083339,33.97753,-12.97449795,16.68119788,-736.0020583,102.9999959
01/06/2017,-15.6916,15.8042,-766.0404,97.3413,-2.717102051,5.337567329,-28.95725856,34.0124489,-12.97449795,16.68119788,-737.0832664,103.1125001
01/07/2017,-15.6916,15.8042,-767.348,97.4482,-2.717102051,5.337567329,-29.18368373,34.047332,-12.97449795,16.68119788,-738.1644746,103.2248817
01/08/2017,-15.6916,15.8042,-768.6557,97.5549,-2.717102051,5.337567329,-29.4101089,34.08217938,-12.97449795,16.68119788,-739.2456828,103.3371411
01/09/2017,-15.6916,15.8042,-769.9633,97.6615,-2.717102051,5.337567329,-29.63653407,34.11699118,-12.97449795,16.68119788,-740.3268909,103.4492787
01/10/2017,-15.6916,15.8042,-771.2709,97.768,-2.717102051,5.337567329,-29.86295924,34.15176749,-12.97449795,16.68119788,-741.4080991,103.5612949
01/11/2017,-15.6916,15.8042,-772.5786,97.8744,-2.717102051,5.337567329,-30.08938441,34.18650842,-12.97449795,16.68119788,-742.4893073,103.67319
01/12/2017,-15.6916,15.8042,-773.8862,97.9807,-2.699777274,5.337832589,-30.31436585,34.22121753,-12.99182273,16.68128276,-743.5719591,103.7849657
01/01/2018,-43.2675,13.3584,-777.4918,98.0566,16.79612732,5.636334419,-28.91468857,34.25987573,-60.06362732,14.49879706,-748.5772614,103.8693267
01/02/2018,-43.2675,13.3584,-781.0975,98.1324,16.79612732,5.636334419,-27.5150113,34.29849035,-60.06362732,14.49879706,-753.5825637,103.9536192
01/03/2018,-43.2675,13.3584,-784.7031,98.2081,16.79612732,5.636334419,-26.11533402,34.33706155,-60.06362732,14.49879706,-758.587866,104.0378435
01/04/2018,-43.2675,13.3584,-788.3087,98.2838,16.79612732,5.636334419,-24.71565674,34.37558948,-60.06362732,14.49879706,-763.5931683,104.1219996
01/05/2018,-43.2675,13.3584,-791.9143,98.3594,16.79612732,5.636334419,-23.31597947,34.41407426,-60.06362732,14.49879706,-768.5984705,104.2060878
01/06/2018,-43.2675,13.3584,-795.52,98.435,16.79612732,5.636334419,-21.91630219,34.45251606,-60.06362732,14.49879706,-773.6037728,104.2901082
01/07/2018,-43.2675,13.3584,-799.1256,98.5105,16.79612732,5.636334419,-20.51662491,34.49091501,-60.06362732,14.49879706,-778.6090751,104.3740609
01/08/2018,-43.2675,13.3584,-802.7312,98.5859,16.79612732,5.636334419,-19.11694764,34.52927126,-60.06362732,14.49879706,-783.6143774,104.4579462
01/09/2018,-43.2675,13.3584,-806.3368,98.6613,16.79612732,5.636334419,-17.71727036,34.56758495,-60.06362732,14.49879706,-788.6196796,104.5417641
01/10/2018,-43.2675,13.3584,-809.9425,98.7366,16.79612732,5.636334419,-16.31759308,34.60585623,-60.06362732,14.49879706,-793.6249819,104.6255149
01/11/2018,-43.2675,13.3584,-813.5481,98.8119,16.79612732,5.636334419,-14.91791581,34.64408522,-60.06362732,14.49879706,-798.6302842,104.7091987
01/12/2018,-43.2675,13.3584,-817.1537,98.8871,16.76026597,5.635632161,-13.52122698,34.68226257,-60.02776597,14.49852408,-803.632598,104.7928126
01/01/2019,-45.338,13.8317,-820.9319,98.9677,-23.59519958,4.845366955,-15.48749361,34.71045666,-21.74280042,14.65583521,-805.4444981,104.8781818
01/02/2019,-45.338,13.8317,-824.71,99.0482,-23.59519958,4.845366955,-17.45376024,34.73862788,-21.74280042,14.65583521,-807.2563981,104.9634817
01/03/2019,-45.338,13.8317,-828.4882,99.1287,-23.59519958,4.845366955,-19.42002687,34.76677627,-21.74280042,14.65583521,-809.0682981,105.0487122
01/04/2019,-43.9052,17.1465,-832.147,99.2522,-23.59519958,4.845366955,-21.3862935,34.79490189,-20.31000042,17.81796967,-810.7607982,105.1745626
01/05/2019,-43.9052,17.1465,-835.8057,99.3755,-23.59519958,4.845366955,-23.35256014,34.82300479,-20.31000042,17.81796967,-812.4532982,105.3002625
01/06/2019,-43.9052,17.1465,-839.4645,99.4987,-23.59519958,4.845366955,-25.31882677,34.85108503,-20.31000042,17.81796967,-814.1457982,105.4258126
01/07/2019,-43.9052,17.1465,-843.1233,99.6218,-23.59519958,4.845366955,-27.2850934,34.87914266,-20.31000042,17.81796967,-815.8382983,105.5512133
01/08/2019,-43.9052,17.1465,-846.782,99.7447,-23.59519958,4.845366955,-29.25136003,34.90717774,-20.31000042,17.81796967,-817.5307983,105.6764652
01/09/2019,-43.9052,17.1465,-850.4408,99.8674,-23.59519958,4.845366955,-31.21762667,34.93519032,-20.31000042,17.81796967,-819.2232983,105.8015688
01/10/2019,-43.9052,17.1465,-854.0996,99.99,-23.59519958,4.845366955,-33.1838933,34.96318046,-20.31000042,17.81796967,-820.9157984,105.9265247
01/11/2019,-43.9052,17.1465,-857.7583,100.1124,-23.59519958,4.845366955,-35.15015993,34.99114821,-20.31000042,17.81796967,-822.6082984,106.0513334
01/12/2019,-43.9052,17.1465,-861.4171,100.2347,-23.56557651,4.846185678,-37.11395797,35.01910307,-20.33962349,17.81819233,-824.303267,106.1759984
01/01/2020,-11.5702,14.7318,-862.3813,100.3249,9.769836426,5.767510414,-36.29980494,35.05865934,-21.34003643,15.82055965,-826.0816034,106.2741745
01/02/2020,-11.5702,14.7318,-863.3455,100.415,9.769836426,5.767510414,-35.4856519,35.09817102,-21.34003643,15.82055965,-827.8599398,106.3722598
01/03/2020,-11.5702,14.7318,-864.3096,100.505,9.769836426,5.767510414,-34.67149887,35.13763828,-21.34003643,15.82055965,-829.6382761,106.4702549
01/04/2020,-11.5702,14.7318,-865.2738,100.5949,9.769836426,5.767510414,-33.85734583,35.17706126,-21.34003643,15.82055965,-831.4166125,106.5681598
01/05/2020,-11.5702,14.7318,-866.238,100.6848,9.769836426,5.767510414,-33.04319279,35.2164401,-21.34003643,15.82055965,-833.1949489,106.6659749
01/06/2020,-11.5702,14.7318,-867.2022,100.7745,9.769836426,5.767510414,-32.22903976,35.25577497,-21.34003643,15.82055965,-834.9732852,106.7637003
01/07/2020,-11.5702,14.7318,-868.1664,100.8642,9.769836426,5.767510414,-31.41488672,35.29506599,-21.34003643,15.82055965,-836.7516216,106.8613364
01/08/2020,-11.5702,14.7318,-869.1306,100.9539,9.769836426,5.767510414,-30.60073369,35.33431332,-21.34003643,15.82055965,-838.529958,106.9588833
01/09/2020,-11.5702,14.7318,-870.0947,101.0434,9.769836426,5.767510414,-29.78658065,35.37351711,-21.34003643,15.82055965,-840.3082943,107.0563414
01/10/2020,-11.5702,14.7318,-871.0589,101.1328,9.769836426,5.767510414,-28.97242762,35.4126775,-21.34003643,15.82055965,-842.0866307,107.1537108
01/11/2020,-11.5702,14.7318,-872.0231,101.2222,9.769836426,5.767510414,-28.15827458,35.45179463,-21.34003643,15.82055965,-843.8649671,107.2509918
01/12/2020,-11.5702,14.7318,-872.9873,101.3115,9.830917805,5.768791914,-27.33903143,35.490886,-21.40111781,15.82102688,-845.6483936,107.3481905
01/01/2021,26.0391,21.9021,-870.8174,101.5086,78.56697083,7.210888863,-20.79178386,35.55187851,-52.52787083,23.05859715,-850.0257161,107.5543688
01/02/2021,26.0391,21.9021,-868.6474,101.7053,78.56697083,7.210888863,-14.24453629,35.61276657,-52.52787083,23.05859715,-854.4030387,107.7601526
01/03/2021,26.0391,21.9021,-866.4775,101.9017,78.56697083,7.210888863,-7.697288725,35.6735507,-52.52787083,23.05859715,-858.7803613,107.9655442
01/04/2021,26.0391,21.9021,-864.3076,102.0976,78.56697083,7.210888863,-1.150041156,35.73423143,-52.52787083,23.05859715,-863.1576838,108.1705457
01/05/2021,26.0391,21.9021,-862.1377,102.2932,78.56697083,7.210888863,5.397206412,35.7948093,-52.52787083,23.05859715,-867.5350064,108.3751596
01/06/2021,26.0391,21.9021,-859.9678,102.4884,78.56697083,7.210888863,11.94445398,35.85528482,-52.52787083,23.05859715,-871.912329,108.5793878
01/07/2021,26.0391,21.9021,-857.7978,102.6832,78.56697083,7.210888863,18.49170155,35.91565851,-52.52787083,23.05859715,-876.2896515,108.7832326
01/08/2021,26.0391,21.9021,-855.6279,102.8777,78.56697083,7.210888863,25.03894912,35.97593088,-52.52787083,23.05859715,-880.6669741,108.9866962
01/09/2021,26.0391,21.9021,-853.458,103.0718,78.56697083,7.210888863,31.58619669,36.03610244,-52.52787083,23.05859715,-885.0442967,109.1897806
01/10/2021,26.0391,21.9021,-851.2881,103.2656,78.56697083,7.210888863,38.13344426,36.0961737,-52.52787083,23.05859715,-889.4216193,109.392488
01/11/2021,26.0391,21.9021,-849.1182,103.4589,78.56697083,7.210888863,44.68069182,36.15614516,-52.52787083,23.05859715,-893.7989418,109.5948205
01/12/2021,26.0391,21.9021,-846.9482,103.6519,78.51796154,7.205307582,51.22385529,36.21592473,-52.47886154,23.05685238,-898.1721803,109.7967495
01/01/2022,22.7199,21.0628,-845.0549,103.8301,23.36686707,0.924585462,53.17109421,36.21690824,-0.646967065,21.08308332,-898.2260942,109.9653017
01/02/2022,22.7199,21.0628,-843.1616,104.008,23.36686707,0.924585462,55.11833313,36.21789172,-0.646967065,21.08308332,-898.2800081,110.1335959
01/03/2022,22.7199,21.0628,-841.2683,104.1856,23.36686707,0.924585462,57.06557205,36.21887517,-0.646967065,21.08308332,-898.3339221,110.3016333
01/04/2022,26.0805,22.8008,-839.0949,104.3933,23.36686707,0.924585462,59.01281097,36.2198586,2.713632935,22.81953853,-898.107786,110.4981656
01/05/2022,26.0805,22.8008,-836.9215,104.6006,23.36686707,0.924585462,60.9600499,36.220842,2.713632935,22.81953853,-897.8816499,110.6943489
01/06/2022,26.0805,22.8008,-834.7481,104.8075,23.36686707,0.924585462,62.90728882,36.22182537,2.713632935,22.81953853,-897.6555138,110.8901851
01/07/2022,34.0055,20.8003,-831.9143,104.9793,23.36686707,0.924585462,64.85452774,36.22280872,10.63863293,20.82083904,-896.7689611,111.0529548
01/08/2022,34.0055,20.8003,-829.0806,105.1509,23.36686707,0.924585462,66.80176666,36.22379204,10.63863293,20.82083904,-895.8824083,111.2154862
01/09/2022,34.0055,20.8003,-826.2468,105.3222,23.36686707,0.924585462,68.74900559,36.22477533,10.63863293,20.82083904,-894.9958556,111.3777805
01/10/2022,34.0055,20.8003,-823.413,105.4932,23.36686707,0.924585462,70.69624451,36.2257586,10.63863293,20.82083904,-894.1093028,111.5398386
01/11/2022,34.0055,20.8003,-820.5792,105.664,23.36686707,0.924585462,72.64348343,36.22674184,10.63863293,20.82083904,-893.2227501,111.7016617
01/12/2022,34.0055,20.8003,-817.7454,105.8344,23.32563257,0.924515607,74.58728614,36.2277249,10.67986743,20.82083594,-892.3327611,111.8632505
01/01/2023,-1.9274,25.0144,-817.906,106.0805,-23.07633972,0.845906496,72.66425783,36.22854788,21.14893972,25.02869883,-890.5703495,112.0963416
01/02/2023,-1.9274,25.0144,-818.0666,106.326,-23.07633972,0.845906496,70.74122952,36.22937084,21.14893972,25.02869883,-888.8079379,112.328949
01/03/2023,-1.9274,25.0144,-818.2272,106.5709,-23.07633972,0.845906496,68.81820121,36.23019378,21.14893972,25.02869883,-887.0455262,112.5610757
01/04/2023,-1.9274,25.0144,-818.3879,106.8153,-23.07633972,0.845906496,66.8951729,36.2310167,21.14893972,25.02869883,-885.2831146,112.7927247
01/05/2023,-1.9274,25.0144,-818.5485,107.0591,-23.07633972,0.845906496,64.97214459,36.2318396,21.14893972,25.02869883,-883.5207029,113.0238989
01/06/2023,-1.9274,25.0144,-818.7091,107.3023,-23.07633972,0.845906496,63.04911628,36.23266248,21.14893972,25.02869883,-881.7582913,113.2546013
01/07/2023,-1.9274,25.0144,-818.8697,107.545,-23.07633972,0.845906496,61.12608797,36.23348535,21.14893972,25.02869883,-879.9958796,113.4848347
01/08/2023,-1.9274,25.0144,-819.0303,107.7872,-23.07633972,0.845906496,59.20305966,36.23430819,21.14893972,25.02869883,-878.233468,113.7146019
01/09/2023,-1.9274,25.0144,-819.191,108.0288,-23.07633972,0.845906496,57.28003135,36.23513102,21.14893972,25.02869883,-876.4710564,113.9439058
01/10/2023,-1.9274,25.0144,-819.3516,108.2699,-23.07633972,0.845906496,55.35700304,36.23595383,21.14893972,25.02869883,-874.7086447,114.1727491
01/11/2023,-1.9274,25.0144,-819.5122,108.5104,-23.07633972,0.845906496,53.43397473,36.23677662,21.14893972,25.02869883,-872.9462331,114.4011347
01/12/2023,-1.9274,25.0144,-819.6728,108.7504,-23.07633972,0.845906496,51.51094642,36.23759939,21.14893972,25.02869883,-871.1838214,114.6290653